country_name,country_code,year,gdp_per_capita
Afghanistan,AFG,2023,413.757894705303
Afghanistan,AFG,2022,357.261152798144
Afghanistan,AFG,2021,356.496214115892
Afghanistan,AFG,2020,510.787063366811
Afghanistan,AFG,2019,496.6025042585
Afghanistan,AFG,2018,491.337221382603
Albania,ALB,2024,11377.7757431099
Albania,ALB,2023,9730.86921906893
Albania,ALB,2022,7756.96188744253
Albania,ALB,2021,7242.45513146613
Albania,ALB,2020,6027.91350716348
Albania,ALB,2019,6069.43903131027
Albania,ALB,2018,5897.65452588774
Algeria,DZA,2024,5752.99076651465
Algeria,DZA,2023,5370.477235078
Algeria,DZA,2022,4960.30334332888
Algeria,DZA,2021,4160.55926736925
Algeria,DZA,2020,3743.5419522929
Algeria,DZA,2019,4468.45341883656
Algeria,DZA,2018,4577.21029180491
American Samoa,ASM,2022,18017.4589383973
American Samoa,ASM,2021,15236.1604875571
American Samoa,ASM,2020,14489.2586563775
American Samoa,ASM,2019,12886.1359517218
American Samoa,ASM,2018,12552.0546868861
Andorra,AND,2024,49303.6491674336
Andorra,AND,2023,46812.4261013102
Andorra,AND,2022,42414.0479861228
Andorra,AND,2021,42425.7066454357
Andorra,AND,2020,37361.1070081615
Andorra,AND,2019,41257.816459345
Andorra,AND,2018,42819.7577456133
Angola,AGO,2024,2665.87444776753
Angola,AGO,2023,2916.13663284275
Angola,AGO,2022,3682.1131513698
Angola,AGO,2021,2303.90812662776
Angola,AGO,2020,1759.35619918264
Angola,AGO,2019,2493.67884440177
Angola,AGO,2018,2860.0936483682
Antigua and Barbuda,ATG,2024,23542.4526945578
Antigua and Barbuda,ATG,2023,21494.5474000727
Antigua and Barbuda,ATG,2022,20105.1989085164
Antigua and Barbuda,ATG,2021,17348.6006987182
Antigua and Barbuda,ATG,2020,15369.6082250401
Antigua and Barbuda,ATG,2019,18896.3721832248
Antigua and Barbuda,ATG,2018,18273.4270684912
Argentina,ARG,2024,13969.7836603737
Argentina,ARG,2023,14261.8465667948
Argentina,ARG,2022,13962.1894087223
Argentina,ARG,2021,10738.0179223384
Argentina,ARG,2020,8535.59938004389
Argentina,ARG,2019,9955.97478680428
Argentina,ARG,2018,11752.7998922979
Armenia,ARM,2024,8556.21406956719
Armenia,ARM,2023,8159.08720967996
Armenia,ARM,2022,6571.97445545099
Armenia,ARM,2021,4685.17997128509
Armenia,ARM,2020,4268.68093304583
Armenia,ARM,2019,4597.22887399548
Armenia,ARM,2018,4196.00562301769
Aruba,ABW,2024,39498.5941293797
Aruba,ABW,2023,35718.7531191634
Aruba,ABW,2022,30975.9989121779
Aruba,ABW,2021,26749.3296093118
Aruba,ABW,2020,22759.8071750722
Aruba,ABW,2019,30645.8906024548
Aruba,ABW,2018,30082.1584226798
Australia,AUS,2024,64603.9856308464
Australia,AUS,2023,65058.3773146674
Australia,AUS,2022,65169.5191118657
Australia,AUS,2021,60758.9044397144
Australia,AUS,2020,51983.4523666382
Australia,AUS,2019,55194.7585097428
Australia,AUS,2018,57410.1737346009
Austria,AUT,2024,58268.8787651601
Austria,AUT,2023,56579.504175468
Austria,AUT,2022,52336.7725223758
Austria,AUT,2021,53648.6437976214
Austria,AUT,2020,48716.4098900349
Austria,AUT,2019,49885.9947355204
Austria,AUT,2018,51194.0749841299
Azerbaijan,AZE,2024,7283.8499076179
Azerbaijan,AZE,2023,7133.02838048328
Azerbaijan,AZE,2022,7770.594223351
Azerbaijan,AZE,2021,5408.04535175023
Azerbaijan,AZE,2020,4229.91064904503
Azerbaijan,AZE,2019,4805.75371765917
Azerbaijan,AZE,2018,4739.7943123408
"Bahamas, The",BHS,2024,39455.4466548546
"Bahamas, The",BHS,2023,38231.774484278
"Bahamas, The",BHS,2022,34957.1613279737
"Bahamas, The",BHS,2021,30367.8605757708
"Bahamas, The",BHS,2020,26178.7537607708
"Bahamas, The",BHS,2019,33640.3369861278
"Bahamas, The",BHS,2018,32642.3353203452
Bahrain,BHR,2024,29653.5682731534
Bahrain,BHR,2023,29290.1284215098
Bahrain,BHR,2022,30470.5219276023
Bahrain,BHR,2021,27147.8083882286
Bahrain,BHR,2020,24342.8444554718
Bahrain,BHR,2019,27259.7438599327
Bahrain,BHR,2018,26324.4066549559
Bangladesh,BGD,2024,2593.41611680774
Bangladesh,BGD,2023,2551.01773827307
Bangladesh,BGD,2022,2716.48592780431
Bangladesh,BGD,2021,2482.84917843357
Bangladesh,BGD,2020,2248.85078828233
Bangladesh,BGD,2019,2129.79896954606
Bangladesh,BGD,2018,1965.24372731467
Barbados,BRB,2024,26544.8707282621
Barbados,BRB,2023,25583.878782727
Barbados,BRB,2022,24387.0387293761
Barbados,BRB,2021,21079.6145271791
Barbados,BRB,2020,19194.4919736739
Barbados,BRB,2019,21912.1501242857
Barbados,BRB,2018,21381.2426303209
Belarus,BLR,2024,8317.6339991379191
Belarus,BLR,2023,7896.75388295584
Belarus,BLR,2022,7994.64806074889
Belarus,BLR,2021,7489.71894713888
Belarus,BLR,2020,6542.85579976768
Belarus,BLR,2019,6837.77339645635
Belarus,BLR,2018,6360.037502312
Belgium,BEL,2024,56614.5679499036
Belgium,BEL,2023,55291.4754541329
Belgium,BEL,2022,50605.7496677086
Belgium,BEL,2021,51658.238294958
Belgium,BEL,2020,45906.2875805246
Belgium,BEL,2019,46716.6227467964
Belgium,BEL,2018,47487.2100392561
Belize,BLZ,2024,7681.24400583113
Belize,BLZ,2023,7424.75821321022
Belize,BLZ,2022,7068.21728043145
Belize,BLZ,2021,6142.98930557031
Belize,BLZ,2020,5238.54078175696
Belize,BLZ,2019,6171.61449761423
Belize,BLZ,2018,6011.99036888587
Benin,BEN,2024,1485.38018885134
Benin,BEN,2023,1394.17784721831
Benin,BEN,2022,1266.42711031904
Benin,BEN,2021,1318.65158075198
Benin,BEN,2020,1200.19426557789
Benin,BEN,2019,1130.82135339795
Benin,BEN,2018,1151.7409703472
Bermuda,BMU,2024,142855.374713782
Bermuda,BMU,2023,132604.439086216
Bermuda,BMU,2022,121613.939983629
Bermuda,BMU,2021,112765.08167306
Bermuda,BMU,2020,106976.546239632
Bermuda,BMU,2019,115798.040775578
Bermuda,BMU,2018,113204.82210838
Bhutan,BTN,2023,3831.32535494609
Bhutan,BTN,2022,3711.32767981591
Bhutan,BTN,2021,3570.61257980872
Bhutan,BTN,2020,3191.66906999331
Bhutan,BTN,2019,3576.87987100503
Bhutan,BTN,2018,3400.20417245342
Bolivia,BOL,2024,4421.16609889999
Bolivia,BOL,2023,4274.70820547613
Bolivia,BOL,2022,4219.46113742445
Bolivia,BOL,2021,4010.76053686204
Bolivia,BOL,2020,3580.96761778303
Bolivia,BOL,2019,4203.15492855788
Bolivia,BOL,2018,4206.8552936661
Bosnia and Herzegovina,BIH,2024,9358.78768951134
Bosnia and Herzegovina,BIH,2023,8663.02326458629
Bosnia and Herzegovina,BIH,2022,7655.59421024383
Bosnia and Herzegovina,BIH,2021,7295.34378682258
Bosnia and Herzegovina,BIH,2020,6130.31187968266
Bosnia and Herzegovina,BIH,2019,6122.37541352353
Bosnia and Herzegovina,BIH,2018,6047.84707207392
Botswana,BWA,2024,7695.75319445165
Botswana,BWA,2023,7826.35376483298
Botswana,BWA,2022,8328.7090572666
Botswana,BWA,2021,7807.88794570471
Botswana,BWA,2020,6323.2974967659
Botswana,BWA,2019,7172.08956480028
Botswana,BWA,2018,7407.95940141786
Brazil,BRA,2024,10310.5488778166
Brazil,BRA,2023,10377.5897719195
Brazil,BRA,2022,9281.33282136864
Brazil,BRA,2021,7972.53696080695
Brazil,BRA,2020,7074.19407495707
Brazil,BRA,2019,9029.83304401079
Brazil,BRA,2018,9300.66072904004
Brunei Darussalam,BRN,2024,33153.4738913513
Brunei Darussalam,BRN,2023,32890.5491812019
Brunei Darussalam,BRN,2022,36632.9280952155
Brunei Darussalam,BRN,2021,31006.9636289785
Brunei Darussalam,BRN,2020,26834.3592233943
Brunei Darussalam,BRN,2019,30426.5730656528
Brunei Darussalam,BRN,2018,30988.1190267227
Bulgaria,BGR,2024,17596.017366352102
Bulgaria,BGR,2023,15853.208636704
Bulgaria,BGR,2022,13999.1949530956
Bulgaria,BGR,2021,12966.1457543396
Bulgaria,BGR,2020,10760.211975413
Bulgaria,BGR,2019,10353.7204584127
Bulgaria,BGR,2018,9849.38397225174
Burkina Faso,BFA,2024,981.992649769081
Burkina Faso,BFA,2023,873.482589651003
Burkina Faso,BFA,2022,827.330843486661
Burkina Faso,BFA,2021,895.535288442991
Burkina Faso,BFA,2020,825.237038782475
Burkina Faso,BFA,2019,764.853077774946
Burkina Faso,BFA,2018,777.465618514048
Burundi,BDI,2024,219.424830882698
Burundi,BDI,2023,250.627253097255
Burundi,BDI,2022,302.992505263552
Burundi,BDI,2021,264.980379269655
Burundi,BDI,2020,255.8324539389
Burundi,BDI,2019,234.31061590725
Burundi,BDI,2018,245.661678332009
Cabo Verde,CPV,2024,5192.48157325878
Cabo Verde,CPV,2023,4794.90121917259
Cabo Verde,CPV,2022,4323.31362032709
Cabo Verde,CPV,2021,3971.44409203423
Cabo Verde,CPV,2020,3539.22661248299
Cabo Verde,CPV,2019,4380.78117331128
Cabo Verde,CPV,2018,4294.96510035729
Cambodia,KHM,2024,2627.87969756224
Cambodia,KHM,2023,2429.74853452838
Cambodia,KHM,2022,2325.03050040841
Cambodia,KHM,2021,2167.40324198499
Cambodia,KHM,2020,2081.73914242939
Cambodia,KHM,2019,2225.87705485686
Cambodia,KHM,2018,2036.67377566578
Cameroon,CMR,2024,1830.00833684727
Cameroon,CMR,2023,1720.47510154506
Cameroon,CMR,2022,1604.87726954895
Cameroon,CMR,2021,1672.32657340872
Cameroon,CMR,2020,1555.60370660749
Cameroon,CMR,2019,1555.22660476477
Cameroon,CMR,2018,1610.69641591017
Canada,CAN,2024,54340.3477224733
Canada,CAN,2023,54220.3285039875
Canada,CAN,2022,56256.8007264015
Canada,CAN,2021,52886.6616372703
Canada,CAN,2020,43537.839298904
Canada,CAN,2019,46352.8693445211
Canada,CAN,2018,46539.1761570405
Cayman Islands,CYM,2023,99143.5180243123
Cayman Islands,CYM,2022,93030.7051447803
Cayman Islands,CYM,2021,86449.6749037302
Cayman Islands,CYM,2020,82338.7977439023
Cayman Islands,CYM,2019,88254.2902486867
Cayman Islands,CYM,2018,83865.5540393356
Central African Republic,CAF,2024,516.160999996036
Central African Republic,CAF,2023,495.978897288721
Central African Republic,CAF,2022,467.359825026238
Central African Republic,CAF,2021,492.263142830507
Central African Republic,CAF,2020,462.879071294011
Central African Republic,CAF,2019,449.228467602439
Central African Republic,CAF,2018,455.243962859534
Chad,TCD,2024,961.55975562506
Chad,TCD,2023,949.333453674592
Chad,TCD,2022,966.036468278568
Chad,TCD,2021,946.358500208374
Chad,TCD,2020,866.947814890409
Chad,TCD,2019,893.336441643325
Chad,TCD,2018,948.656629871231
Channel Islands,CHI,2023,74585.5224096294
Channel Islands,CHI,2022,67627.1417347907
Channel Islands,CHI,2021,66915.3963925722
Channel Islands,CHI,2020,56785.9402005039
Channel Islands,CHI,2019,60564.6293993681
Channel Islands,CHI,2018,60784.8125397162
Chile,CHL,2024,16709.8893972307
Chile,CHL,2023,17067.0364799154
Chile,CHL,2022,15405.6165774073
Chile,CHL,2021,16206.8325493421
Chile,CHL,2020,13114.815470545
Chile,CHL,2019,14495.716721687
Chile,CHL,2018,15659.4808675628
China,CHN,2024,13303.1481543868
China,CHN,2023,12951.1782397043
China,CHN,2022,12970.6056414327
China,CHN,2021,12887.4357242941
China,CHN,2020,10627.4637989619
China,CHN,2019,10342.9009524335
China,CHN,2018,10085.6638148819
Colombia,COL,2024,7919.20886825345
Colombia,COL,2023,7000.83660501046
Colombia,COL,2022,6680.44506854481
Colombia,COL,2021,6222.62164397614
Colombia,COL,2020,5339.68711357943
Colombia,COL,2019,6472.54544924705
Colombia,COL,2018,6816.96818309544
Comoros,COM,2024,1662.75663312504
Comoros,COM,2023,1560.27378476855
Comoros,COM,2022,1465.479642862
Comoros,COM,2021,1554.97289190153
Comoros,COM,2020,1519.34665556206
Comoros,COM,2019,1510.23218151592
Comoros,COM,2018,1527.40527125285
"Congo, Dem. Rep.",COD,2024,649.383338556725
"Congo, Dem. Rep.",COD,2023,660.21205238997
"Congo, Dem. Rep.",COD,2022,687.738587554685
"Congo, Dem. Rep.",COD,2021,595.743074403567
"Congo, Dem. Rep.",COD,2020,486.425572682256
"Congo, Dem. Rep.",COD,2019,504.00419142286
"Congo, Dem. Rep.",COD,2018,518.169626875371
"Congo, Rep.",COG,2024,2482.2489948456
"Congo, Rep.",COG,2023,2477.97845544866
"Congo, Rep.",COG,2022,2620.83804267402
"Congo, Rep.",COG,2021,2516.16255145432
"Congo, Rep.",COG,2020,1993.586671931
"Congo, Rep.",COG,2019,2488.42466724916
"Congo, Rep.",COG,2018,2694.43413191427
Costa Rica,CRI,2024,18587.1532203482
Costa Rica,CRI,2023,16942.0268119375
Costa Rica,CRI,2022,13625.9008491328
Costa Rica,CRI,2021,12838.1185358931
Costa Rica,CRI,2020,12394.0493969492
Costa Rica,CRI,2019,12884.6859951989
Costa Rica,CRI,2018,12590.2493781614
Cote d'Ivoire,CIV,2024,2727.8935220697
Cote d'Ivoire,CIV,2023,2591.9659048119
Cote d'Ivoire,CIV,2022,2333.37128301259
Cote d'Ivoire,CIV,2021,2455.98127641148
Cote d'Ivoire,CIV,2020,2179.72934832935
Cote d'Ivoire,CIV,2019,2141.76836170115
Cote d'Ivoire,CIV,2018,2130.86619381144
Croatia,HRV,2024,24050.4397933135
Croatia,HRV,2023,22184.2279304842
Croatia,HRV,2022,18465.5414420364
Croatia,HRV,2021,17788.7865816658
Croatia,HRV,2020,14807.5608543265
Croatia,HRV,2019,15563.5987295029
Croatia,HRV,2018,15460.3669595491
Cuba,CUB,2020,9605.27914559614
Cuba,CUB,2019,9232.26115935183
Cuba,CUB,2018,8911.46205998726
Curacao,CUW,2024,22832.8953958667
Curacao,CUW,2023,21217.8110321785
Curacao,CUW,2022,20057.1404747175
Curacao,CUW,2021,17795.5826616182
Curacao,CUW,2020,16299.8134349902
Curacao,CUW,2019,19220.6865793075
Curacao,CUW,2018,19119.1244887029
Cyprus,CYP,2024,38674.29296875
Cyprus,CYP,2023,36623.69140625
Cyprus,CYP,2022,33231.04296875
Cyprus,CYP,2021,32937.83984375
Cyprus,CYP,2020,28130.341796875
Cyprus,CYP,2019,29227.173828125
Cyprus,CYP,2018,29120.375
Czechia,CZE,2024,31823.3078290564
Czechia,CZE,2023,31761.5944102491
Czechia,CZE,2022,28282.2236715857
Czechia,CZE,2021,27696.4619527544
Czechia,CZE,2020,23472.8915454417
Czechia,CZE,2019,24062.7190013343
Czechia,CZE,2018,23705.9329811299
Denmark,DNK,2024,71026.4832271897
Denmark,DNK,2023,68043.5466971243
Denmark,DNK,2022,67781.0940939514
Denmark,DNK,2021,69340.7334922138
Denmark,DNK,2020,60985.4885601514
Denmark,DNK,2019,59404.2663247723
Denmark,DNK,2018,61324.7665045565
Djibouti,DJI,2024,3552.72335079222
Djibouti,DJI,2023,3381.29779710722
Djibouti,DJI,2022,3133.25779772463
Djibouti,DJI,2021,3025.91126413549
Djibouti,DJI,2020,2844.88810647853
Djibouti,DJI,2019,2837.16902340932
Djibouti,DJI,2018,2718.08338799203
Dominica,DMA,2024,10405.2787777582
Dominica,DMA,2023,9912.96212766668
Dominica,DMA,2022,9323.66089490562
Dominica,DMA,2021,8376.40414141113
Dominica,DMA,2020,7827.74842680426
Dominica,DMA,2019,9491.14995962374
Dominica,DMA,2018,9215.3085405645
Dominican Republic,DOM,2024,10875.6618443092
Dominican Republic,DOM,2023,10630.431743829
Dominican Republic,DOM,2022,10104.2449349081
Dominican Republic,DOM,2021,8527.0754858205
Dominican Republic,DOM,2020,7135.22273255899
Dominican Republic,DOM,2019,8183.01623600375
Dominican Republic,DOM,2018,7882.98221584944
Ecuador,ECU,2024,6874.705739766
Ecuador,ECU,2023,6737.84748379638
Ecuador,ECU,2022,6515.58528418336
Ecuador,ECU,2021,6061.32350181711
Ecuador,ECU,2020,5463.64515348598
Ecuador,ECU,2019,6205.05765246766
Ecuador,ECU,2018,6303.91886658338
"Egypt, Arab Rep.",EGY,2024,3338.47371395895
"Egypt, Arab Rep.",EGY,2023,3456.78968456253
"Egypt, Arab Rep.",EGY,2022,4233.30783744856
"Egypt, Arab Rep.",EGY,2021,3827.35415374308
"Egypt, Arab Rep.",EGY,2020,3511.11381026379
"Egypt, Arab Rep.",EGY,2019,2962.98892023003
"Egypt, Arab Rep.",EGY,2018,2484.70315630508
El Salvador,SLV,2024,5579.65969165029
El Salvador,SLV,2023,5365.44491399171
El Salvador,SLV,2022,5074.60210221806
El Salvador,SLV,2021,4642.60743101342
El Salvador,SLV,2020,3997.19279583709
El Salvador,SLV,2019,4320.11671534627
El Salvador,SLV,2018,4183.54620971358
Equatorial Guinea,GNQ,2024,6745.40013244916
Equatorial Guinea,GNQ,2023,6677.793435386
Equatorial Guinea,GNQ,2022,7589.29964909381
Equatorial Guinea,GNQ,2021,6945.63069794539
Equatorial Guinea,GNQ,2020,5764.05502912947
Equatorial Guinea,GNQ,2019,6804.14923073888
Equatorial Guinea,GNQ,2018,8102.47084834031
Estonia,EST,2024,31428.3547816104
Estonia,EST,2023,30264.0064885057
Estonia,EST,2022,28340.3826549406
Estonia,EST,2021,27951.1659277744
Estonia,EST,2020,23933.9939421065
Estonia,EST,2019,24021.2501413306
Estonia,EST,2018,23618.1361254581
Eswatini,SWZ,2024,3909.55892378182
Eswatini,SWZ,2023,3755.52111232464
Eswatini,SWZ,2022,3894.1620089869
Eswatini,SWZ,2021,3984.00229174306
Eswatini,SWZ,2020,3466.56936278145
Eswatini,SWZ,2019,3913.14577547336
Eswatini,SWZ,2018,3972.65450620357
Ethiopia,ETH,2024,1133.88279681719
Ethiopia,ETH,2023,1055.81091592527
Ethiopia,ETH,2022,982.103161506992
Ethiopia,ETH,2021,893.00983544905
Ethiopia,ETH,2020,829.790982547947
Ethiopia,ETH,2019,793.473247210264
Ethiopia,ETH,2018,739.702022272086
Faroe Islands,FRO,2024,74119.6607553879
Faroe Islands,FRO,2023,72465.3769660215
Faroe Islands,FRO,2022,67058.2022648126
Faroe Islands,FRO,2021,69415.1853254579
Faroe Islands,FRO,2020,62243.1905561324
Faroe Islands,FRO,2019,63068.2872688483
Faroe Islands,FRO,2018,62526.4908515743
Fiji,FJI,2024,6425.74151715712
Fiji,FJI,2023,5926.20586394763
Fiji,FJI,2022,5414.12092119088
Fiji,FJI,2021,4536.73312110335
Fiji,FJI,2020,4620.6457238014
Fiji,FJI,2019,5842.07344577597
Fiji,FJI,2018,6085.41979485376
Finland,FIN,2024,53149.7671934051
Finland,FIN,2023,52834.2916752703
Finland,FIN,2022,50440.560224974
Finland,FIN,2021,53099.1351400148
Finland,FIN,2020,48828.6846862799
Finland,FIN,2019,48358.1807773701
Finland,FIN,2018,49654.2497035329
France,FRA,2024,46103.0840855884
France,FRA,2023,44700.1384177544
France,FRA,2022,40988.6396406579
France,FRA,2021,43725.0999521245
France,FRA,2020,39169.8606000707
France,FRA,2019,40408.2848574751
France,FRA,2018,41418.1766484844
French Polynesia,PYF,2024,22439.8838746025
French Polynesia,PYF,2023,21832.2831795569
French Polynesia,PYF,2022,20053.9569369322
French Polynesia,PYF,2021,21426.3854449835
French Polynesia,PYF,2020,19966.4838503859
French Polynesia,PYF,2019,21582.5892046801
French Polynesia,PYF,2018,21925.616043938
Gabon,GAB,2024,8230.04311451151
Gabon,GAB,2023,7802.82433276138
Gabon,GAB,2022,8409.2074145028
Gabon,GAB,2021,8181.40914134656
Gabon,GAB,2020,6605.80346077565
Gabon,GAB,2019,7441.1786472281
Gabon,GAB,2018,7624.2775233771
"Gambia, The",GMB,2024,871.340291776294
"Gambia, The",GMB,2023,883.024111719809
"Gambia, The",GMB,2022,836.244875868476
"Gambia, The",GMB,2021,781.890925169531
"Gambia, The",GMB,2020,720.335143352133
"Gambia, The",GMB,2019,738.186751987483
"Gambia, The",GMB,2018,696.219806960615
Georgia,GEO,2024,9241.49122313713
Georgia,GEO,2023,8283.66960652261
Georgia,GEO,2022,6729.84659930283
Georgia,GEO,2021,5083.60695484577
Georgia,GEO,2020,4300.85701291207
Georgia,GEO,2019,4741.2832715876
Georgia,GEO,2018,4804.0546040444
Germany,DEU,2024,56103.7323182554
Germany,DEU,2023,54776.7668235491
Germany,DEU,2022,50506.5179638543
Germany,DEU,2021,52349.2459994422
Germany,DEU,2020,47394.8734504469
Germany,DEU,2019,47656.199739747
Germany,DEU,2018,48916.1686612154
Ghana,GHA,2024,2390.77237652715
Ghana,GHA,2023,2383.90410483418
Ghana,GHA,2022,2229.89122647803
Ghana,GHA,2021,2445.18662529344
Ghana,GHA,2020,2195.45481659987
Ghana,GHA,2019,2186.65822682613
Ghana,GHA,2018,2195.32166016377
Greece,GRC,2024,24626.1481858973
Greece,GRC,2023,23343.7103964562
Greece,GRC,2022,20886.5243087629
Greece,GRC,2021,20654.7001960815
Greece,GRC,2020,17886.733165236
Greece,GRC,2019,19335.3602002969
Greece,GRC,2018,19873.4015238771
Greenland,GRL,2023,58498.9707973609
Greenland,GRL,2022,55635.0006491223
Greenland,GRL,2021,58135.9939910203
Greenland,GRL,2020,54812.6661771023
Greenland,GRL,2019,53309.2035905065
Greenland,GRL,2018,54545.135857765
Grenada,GRD,2024,11705.0902976658
Grenada,GRD,2023,11414.4781691181
Grenada,GRD,2022,10469.3867012856
Grenada,GRD,2021,9617.28902905373
Grenada,GRD,2020,8968.55890108484
Grenada,GRD,2019,10462.7929159533
Grenada,GRD,2018,10083.021279225
Guam,GUM,2022,41833.1517132825
Guam,GUM,2021,38074.8793745801
Guam,GUM,2020,36482.9363953675
Guam,GUM,2019,39274.9431424899
Guam,GUM,2018,37195.9503070464
Guatemala,GTM,2024,6150.02571438505
Guatemala,GTM,2023,5758.32760847852
Guatemala,GTM,2022,5358.70156997677
Guatemala,GTM,2021,4912.62240414681
Guatemala,GTM,2020,4477.61785000665
Guatemala,GTM,2019,4511.99839552697
Guatemala,GTM,2018,4352.94593289707
Guinea,GIN,2024,1694.95375862193
Guinea,GIN,2023,1555.49375806861
Guinea,GIN,2022,1416.59612011764
Guinea,GIN,2021,1244.96550477914
Guinea,GIN,2020,1053.66097696415
Guinea,GIN,2019,1031.34146480732
Guinea,GIN,2018,933.273615633705
Guinea-Bissau,GNB,2024,1007.74151728028
Guinea-Bissau,GNB,2023,988.087886357022
Guinea-Bissau,GNB,2022,883.199131457831
Guinea-Bissau,GNB,2021,926.780921081233
Guinea-Bissau,GNB,2020,846.915855715971
Guinea-Bissau,GNB,2019,811.216425885129
Guinea-Bissau,GNB,2018,808.531613218504
Guyana,GUY,2024,29675.2443873316
Guyana,GUY,2023,20473.7002190617
Guyana,GUY,2022,17913.4928066879
Guyana,GUY,2021,9860.87014834386
Guyana,GUY,2020,6775.70939096303
Guyana,GUY,2019,6405.82443444562
Guyana,GUY,2018,6048.38697180418
Haiti,HTI,2024,2142.62330526788
Haiti,HTI,2023,1705.75808460999
Haiti,HTI,2022,1760.62635668777
Haiti,HTI,2021,1841.33189337222
Haiti,HTI,2020,1290.32538667383
Haiti,HTI,2019,1352.17204191532
Haiti,HTI,2018,1496.38048970156
Honduras,HND,2024,3426.43483328923
Honduras,HND,2023,3227.45762509776
Honduras,HND,2022,3003.28996826399
Honduras,HND,2021,2735.14751503977
Honduras,HND,2020,2307.61494319511
Honduras,HND,2019,2502.32744328073
Honduras,HND,2018,2464.64241531918
"Hong Kong SAR, China",HKG,2024,54074.6928519479
"Hong Kong SAR, China",HKG,2023,50562.3633144379
"Hong Kong SAR, China",HKG,2022,48825.8441873536
"Hong Kong SAR, China",HKG,2021,49770.564237473904
"Hong Kong SAR, China",HKG,2020,46109.2299946609
"Hong Kong SAR, China",HKG,2019,48359.0011950597
"Hong Kong SAR, China",HKG,2018,48537.5668888343
Hungary,HUN,2024,23292.3263882478
Hungary,HUN,2023,22230.6277875187
Hungary,HUN,2022,18428.028825614
Hungary,HUN,2021,19030.628130329
Hungary,HUN,2020,16386.9308821258
Hungary,HUN,2019,17012.8598553199
Hungary,HUN,2018,16605.0570511887
Iceland,ISL,2024,86040.5309851288
Iceland,ISL,2023,82138.7892973557
Iceland,ISL,2022,76350.4550416502
Iceland,ISL,2021,70425.4064277273
Iceland,ISL,2020,60127.9393575616
Iceland,ISL,2019,69296.3144361601
Iceland,ISL,2018,75633.8651351915
India,IND,2024,2694.73780859961
India,IND,2023,2530.12031278204
India,IND,2022,2347.44829434623
India,IND,2021,2239.61384367482
India,IND,2020,1907.04251637669
India,IND,2019,2041.42863698585
India,IND,2018,1966.25455171679
Indonesia,IDN,2024,4925.43048751861
Indonesia,IDN,2023,4876.30774512252
Indonesia,IDN,2022,4730.83484836107
Indonesia,IDN,2021,4287.17313995098
Indonesia,IDN,2020,3853.70288774146
Indonesia,IDN,2019,4106.94856160358
Indonesia,IDN,2018,3860.95353090726
"Iran, Islamic Rep.",IRN,2024,5190.16959024821
"Iran, Islamic Rep.",IRN,2023,5049.29931642754
"Iran, Islamic Rep.",IRN,2022,4721.20437099984
"Iran, Islamic Rep.",IRN,2021,4605.14881318992
"Iran, Islamic Rep.",IRN,2020,3202.50003502169
"Iran, Islamic Rep.",IRN,2019,3997.4935449585
"Iran, Islamic Rep.",IRN,2018,4783.01067340237
Iraq,IRQ,2024,6073.61032342708
Iraq,IRQ,2023,5965.31835077761
Iraq,IRQ,2022,6520.73154560584
Iraq,IRQ,2021,4868.49431080783
Iraq,IRQ,2020,4295.18945121228
Iraq,IRQ,2019,5671.8568632942
Iraq,IRQ,2018,5646.68932074742
Ireland,IRL,2024,112894.953240805
Ireland,IRL,2023,106818.917130804
Ireland,IRL,2022,105190.685952731
Ireland,IRL,2021,103783.446284479
Ireland,IRL,2020,86514.0706108754
Ireland,IRL,2019,81827.6688873996
Ireland,IRL,2018,80804.1123164826
Isle of Man,IMN,2022,88328.548125887
Isle of Man,IMN,2021,94299.969348965
Isle of Man,IMN,2020,79513.5330346598
Isle of Man,IMN,2019,87127.5517977404
Isle of Man,IMN,2018,89393.8244248812
Israel,ISR,2024,54176.6844383302
Israel,ISR,2023,52003.7200729997
Israel,ISR,2022,54949.621556429
Israel,ISR,2021,52270.9040241956
Israel,ISR,2020,44575.5719045492
Israel,ISR,2019,44250.6313628073
Israel,ISR,2018,42362.6652754196
Italy,ITA,2024,40385.3413957669
Italy,ITA,2023,39277.0838783918
Italy,ITA,2022,35653.9042103495
Italy,ITA,2021,36852.5425414951
Italy,ITA,2020,32091.4866621366
Italy,ITA,2019,33812.788724868
Italy,ITA,2018,34904.1081923834
Jamaica,JAM,2024,7753.8006955432
Jamaica,JAM,2023,7542.40084275345
Jamaica,JAM,2022,6626.47502388538
Jamaica,JAM,2021,5625.67806271236
Jamaica,JAM,2020,5299.04530804283
Jamaica,JAM,2019,6030.68896415921
Jamaica,JAM,2018,5976.90362644337
Japan,JPN,2024,32487.0778047567
Japan,JPN,2023,33836.1756271617
Japan,JPN,2022,34065.6438962526
Japan,JPN,2021,40094.5599795288
Japan,JPN,2020,40028.7341726762
Japan,JPN,2019,40415.9567649547
Japan,JPN,2018,39751.1330982711
Jordan,JOR,2024,4618.09592498567
Jordan,JOR,2023,4466.08314208575
Jordan,JOR,2022,4332.25159897931
Jordan,JOR,2021,4183.49998326866
Jordan,JOR,2020,4022.0401356135
Jordan,JOR,2019,4170.1144003465
Jordan,JOR,2018,4145.43989673265
Kazakhstan,KAZ,2024,14154.6324958076
Kazakhstan,KAZ,2023,12879.4275257974
Kazakhstan,KAZ,2022,11255.3396437881
Kazakhstan,KAZ,2021,9983.60103576902
Kazakhstan,KAZ,2020,8781.50797787648
Kazakhstan,KAZ,2019,9457.12614657136
Kazakhstan,KAZ,2018,9472.48527327758
Kenya,KEN,2024,2132.43452097647
Kenya,KEN,2023,1942.58802756191
Kenya,KEN,2022,2109.56288513137
Kenya,KEN,2021,2061.35622089594
Kenya,KEN,2020,1927.66459027849
Kenya,KEN,2019,1960.40808854893
Kenya,KEN,2018,1836.45275528993
Kiribati,KIR,2024,2288.63471423684
Kiribati,KIR,2023,2177.70125812262
Kiribati,KIR,2022,2069.7671726925
Kiribati,KIR,2021,2222.04819501897
Kiribati,KIR,2020,1751.78249168214
Kiribati,KIR,2019,1750.9977188915
Kiribati,KIR,2018,1912.73809378187
"Korea, Rep.",KOR,2024,36238.639908315
"Korea, Rep.",KOR,2023,35674.095995632
"Korea, Rep.",KOR,2022,34822.4048404971
"Korea, Rep.",KOR,2021,37518.4635305697
"Korea, Rep.",KOR,2020,33645.7719545073
"Korea, Rep.",KOR,2019,33826.9443301597
"Korea, Rep.",KOR,2018,35363.9508228687
Kosovo,XKX,2024,7023.06598512878
Kosovo,XKX,2023,6221.20618847799
Kosovo,XKX,2022,5290.95006509706
Kosovo,XKX,2021,5270.43236861018
Kosovo,XKX,2020,4310.88963754863
Kosovo,XKX,2019,4415.99923011071
Kosovo,XKX,2018,4384.18796444738
Kuwait,KWT,2024,32717.7186631255
Kuwait,KWT,2023,34075.849012909
Kuwait,KWT,2022,39981.7691035833
Kuwait,KWT,2021,34018.6342592913
Kuwait,KWT,2020,25236.0755848941
Kuwait,KWT,2019,31707.8737443551
Kuwait,KWT,2018,32067.9623756889
Kyrgyz Republic,KGZ,2024,2420.18542283831
Kyrgyz Republic,KGZ,2023,2138.2221021147798
Kyrgyz Republic,KGZ,2022,1739.72018344174
Kyrgyz Republic,KGZ,2021,1349.99730650542
Kyrgyz Republic,KGZ,2020,1229.51766602907
Kyrgyz Republic,KGZ,2019,1421.99927504102
Kyrgyz Republic,KGZ,2018,1283.5203037417
Lao PDR,LAO,2024,2123.97909415109
Lao PDR,LAO,2023,2066.94979776957
Lao PDR,LAO,2022,2046.40440255621
Lao PDR,LAO,2021,2526.05105018529
Lao PDR,LAO,2020,2583.77730696131
Lao PDR,LAO,2019,2589.32081035237
Lao PDR,LAO,2018,2545.1075420815
Latvia,LVA,2024,23409.0845154775
Latvia,LVA,2023,22710.2637544197
Latvia,LVA,2022,20221.103686109
Latvia,LVA,2021,20261.8887788916
Latvia,LVA,2020,17564.2321549354
Latvia,LVA,2019,17294.9751600969
Latvia,LVA,2018,17252.1710428626
Lebanon,LBN,2023,3477.72489842684
Lebanon,LBN,2022,3654.35845534878
Lebanon,LBN,2021,4045.37391066234
Lebanon,LBN,2020,5561.19166950397
Lebanon,LBN,2019,8905.88005497437
Lebanon,LBN,2018,9174.53666204759
Lesotho,LSO,2024,971.90771824829
Lesotho,LSO,2023,916.282976983803
Lesotho,LSO,2022,1030.12582947757
Lesotho,LSO,2021,1066.58645143823
Lesotho,LSO,2020,918.582574704447
Lesotho,LSO,2019,1082.05706777516
Lesotho,LSO,2018,1170.65569702819
Liberia,LBR,2024,851.497723870206
Liberia,LBR,2023,799.194470229642
Liberia,LBR,2022,744.617175237387
Liberia,LBR,2021,667.96610514319
Liberia,LBR,2020,616.787867006715
Liberia,LBR,2019,658.164180770507
Liberia,LBR,2018,692.203127129794
Libya,LBY,2024,6569.16408678648
Libya,LBY,2023,6026.51518708812
Libya,LBY,2022,5986.63694851258
Libya,LBY,2021,4935.82787349801
Libya,LBY,2020,6650.33810585348
Libya,LBY,2019,9963.19489084483
Libya,LBY,2018,11196.5854810844
Liechtenstein,LIE,2023,206780.590353385
Liechtenstein,LIE,2022,188055.003235348
Liechtenstein,LIE,2021,201944.830335076
Liechtenstein,LIE,2020,164671.093553454
Liechtenstein,LIE,2019,166907.839305016
Liechtenstein,LIE,2018,174988.775083446
Lithuania,LTU,2024,29384.0189598663
Lithuania,LTU,2023,27786.0057829276
Lithuania,LTU,2022,25085.784063499
Lithuania,LTU,2021,23870.4594851722
Lithuania,LTU,2020,20428.6478157394
Lithuania,LTU,2019,19608.7943945553
Lithuania,LTU,2018,19247.2315367967
Luxembourg,LUX,2024,137781.681659123
Luxembourg,LUX,2023,133230.619178899
Luxembourg,LUX,2022,123719.658915996
Luxembourg,LUX,2021,134965.815442152
Luxembourg,LUX,2020,116860.02817236
Luxembourg,LUX,2019,112696.649059674
Luxembourg,LUX,2018,116926.759593905
"Macao SAR, China",MAC,2024,72004.7437020733
"Macao SAR, China",MAC,2023,67216.3631112124
"Macao SAR, China",MAC,2022,36806.891255461
"Macao SAR, China",MAC,2021,44884.8961602393
"Macao SAR, China",MAC,2020,36883.6652578543
"Macao SAR, China",MAC,2019,81882.6964523869
"Macao SAR, China",MAC,2018,83588.2875009014
Madagascar,MDG,2024,544.987501003384
Madagascar,MDG,2023,508.718427705591
Madagascar,MDG,2022,503.51453347296
Madagascar,MDG,2021,483.469463351195
Madagascar,MDG,2020,450.771615201509
Madagascar,MDG,2019,499.818837622534
Madagascar,MDG,2018,500.45718552916
Malawi,MWI,2024,522.570393642547
Malawi,MWI,2023,633.214767978695
Malawi,MWI,2022,604.269740360317
Malawi,MWI,2021,617.446994451007
Malawi,MWI,2020,602.507478176106
Malawi,MWI,2019,580.889139762475
Malawi,MWI,2018,533.202567189331
Malaysia,MYS,2024,11874.4273684245
Malaysia,MYS,2023,11386.0395636528
Malaysia,MYS,2022,11754.5678336248
Malaysia,MYS,2021,10903.1037480772
Malaysia,MYS,2020,9957.52626697613
Malaysia,MYS,2019,10920.191763972
Malaysia,MYS,2018,10901.8019954421
Maldives,MDV,2024,13379.3513577224
Maldives,MDV,2023,12587.6126038651
Maldives,MDV,2022,11786.0191492983
Maldives,MDV,2021,10176.143882547
Maldives,MDV,2020,7393.8886543933
Maldives,MDV,2019,11740.2724029785
Maldives,MDV,2018,11423.2838427029
Mali,MLI,2024,1094.61949265799
Mali,MLI,2023,1043.9533853528
Mali,MLI,2022,976.914116406452
Mali,MLI,2021,1027.27345365357
Mali,MLI,2020,953.242943290974
Mali,MLI,2019,971.949318638092
Mali,MLI,2018,996.379292136901
Malta,MLT,2024,43898.5781808597
Malta,MLT,2023,40905.8059585057
Malta,MLT,2022,35638.8869457406
Malta,MLT,2021,38096.8360735119
Malta,MLT,2020,31823.4363934505
Malta,MLT,2019,32421.9179752262
Malta,MLT,2018,33382.2677499267
Marshall Islands,MHL,2024,7726.33668877794
Marshall Islands,MHL,2023,6793.24495895856
Marshall Islands,MHL,2022,6455.66062185762
Marshall Islands,MHL,2021,6315.31279603534
Marshall Islands,MHL,2020,5661.96787336674
Marshall Islands,MHL,2019,5292.33985502306
Marshall Islands,MHL,2018,4858.12079054875
Mauritania,MRT,2024,2110.12036938187
Mauritania,MRT,2023,2135.78187606359
Mauritania,MRT,2022,1960.35240077424
Mauritania,MRT,2021,1947.78918383313
Mauritania,MRT,2020,1795.76459566714
Mauritania,MRT,2019,1767.072710621
Mauritania,MRT,2018,1722.93528854073
Mauritius,MUS,2024,11990.7798944837
Mauritius,MUS,2023,11269.9684462139
Mauritius,MUS,2022,10246.5017455553
Mauritius,MUS,2021,9177.71195973013
Mauritius,MUS,2020,9135.84773751062
Mauritius,MUS,2019,11568.2533399824
Mauritius,MUS,2018,11818.7480619272
Mexico,MEX,2024,14185.7812248529
Mexico,MEX,2023,13860.9597809326
Mexico,MEX,2022,11405.7940473759
Mexico,MEX,2021,10314.0506722115
Mexico,MEX,2020,8841.27075039868
Mexico,MEX,2019,10369.555358527101
Mexico,MEX,2018,10084.7937562021
"Micronesia, Fed. Sts.",FSM,2024,4166.00476748564
"Micronesia, Fed. Sts.",FSM,2023,3919.64307910859
"Micronesia, Fed. Sts.",FSM,2022,3710.12451611752
"Micronesia, Fed. Sts.",FSM,2021,3508.22314197664
"Micronesia, Fed. Sts.",FSM,2020,3362.02802120524
"Micronesia, Fed. Sts.",FSM,2019,3572.65918282222
"Micronesia, Fed. Sts.",FSM,2018,3566.58690371125
Moldova,MDA,2024,7576.19589413326
Moldova,MDA,2023,6799.58594644576
Moldova,MDA,2022,5744.29618434435
Moldova,MDA,2021,5274.60582195352
Moldova,MDA,2020,4375.7788930524
Moldova,MDA,2019,4405.33418162155
Moldova,MDA,2018,4156.44981956646
Monaco,MCO,2024,288001.433369041
Monaco,MCO,2023,256799.788612806
Monaco,MCO,2022,226052.001905201
Monaco,MCO,2021,223823.363960226
Monaco,MCO,2020,176891.886538492
Monaco,MCO,2019,193746.785647412
Monaco,MCO,2018,188298.315668437
Mongolia,MNG,2024,6750.6301157724
Mongolia,MNG,2023,5838.63108083902
Mongolia,MNG,2022,4993.51487463495
Mongolia,MNG,2021,4517.61578018785
Mongolia,MNG,2020,4001.25193077703
Mongolia,MNG,2019,4347.54610314873
Mongolia,MNG,2018,4107.64288528468
Montenegro,MNE,2024,13263.3281277699
Montenegro,MNE,2023,12259.8775034436
Montenegro,MNE,2022,10024.5435616209
Montenegro,MNE,2021,9317.15520065156
Montenegro,MNE,2020,7538.53635992191
Montenegro,MNE,2019,8749.02375172644
Montenegro,MNE,2018,8673.59128084795
Morocco,MAR,2024,4153.1943359375
Morocco,MAR,2023,3813.72607421875
Morocco,MAR,2022,3463.1376953125
Morocco,MAR,2021,3785.93627929688
Morocco,MAR,2020,3268.0302734375
Morocco,MAR,2019,3508.09765625
Morocco,MAR,2018,3501.69799804688
Mozambique,MOZ,2024,656.776824637306
Mozambique,MOZ,2023,622.000297682823
Mozambique,MOZ,2022,578.251663751351
Mozambique,MOZ,2021,509.907829475551
Mozambique,MOZ,2020,462.433876479921
Mozambique,MOZ,2019,519.09255091362
Mozambique,MOZ,2018,517.507260258101
Myanmar,MMR,2024,1359.05001560107
Myanmar,MMR,2023,1233.19666209269
Myanmar,MMR,2022,1158.05005055976
Myanmar,MMR,2021,1242.7213439951
Myanmar,MMR,2020,1490.21683599469
Myanmar,MMR,2019,1425.98954241668
Myanmar,MMR,2018,1298.21310327675
Namibia,NAM,2024,4413.12752211572
Namibia,NAM,2023,4187.60500396525
Namibia,NAM,2022,4349.79908493314
Namibia,NAM,2021,4412.8355693052
Namibia,NAM,2020,3878.58982993966
Namibia,NAM,2019,4731.9210318831
Namibia,NAM,2018,5308.60813408705
Nauru,NRU,2024,13609.158837552
Nauru,NRU,2023,12752.4723855838
Nauru,NRU,2022,12911.9086441381
Nauru,NRU,2021,14979.099896799
Nauru,NRU,2020,10709.068810538
Nauru,NRU,2019,10801.7705659635
Nauru,NRU,2018,11413.7463016389
Nepal,NPL,2024,1447.31004458428
Nepal,NPL,2023,1382.33055769304
Nepal,NPL,2022,1385.91066274851
Nepal,NPL,2021,1252.75076731986
Nepal,NPL,2020,1154.21517578318
Nepal,NPL,2019,1203.14294706401
Nepal,NPL,2018,1179.19843190389
Netherlands,NLD,2024,67520.4218956281
Netherlands,NLD,2023,63515.6030780019
Netherlands,NLD,2022,59123.318556487
Netherlands,NLD,2021,60141.9880911492
Netherlands,NLD,2020,53467.9277413737
Netherlands,NLD,2019,53554.9007491475
Netherlands,NLD,2018,53955.0770024266
New Caledonia,NCL,2024,29213.1923192946
New Caledonia,NCL,2023,33701.8923322781
New Caledonia,NCL,2022,33516.363085906
New Caledonia,NCL,2021,35311.5543551452
New Caledonia,NCL,2020,33270.330597637
New Caledonia,NCL,2019,33411.3358835672
New Caledonia,NCL,2018,34902.8968780031
New Zealand,NZL,2024,49205.1792146792
New Zealand,NZL,2023,49075.9562832927
New Zealand,NZL,2022,49099.7090423358
New Zealand,NZL,2021,49950.4251691316
New Zealand,NZL,2020,41997.7830324279
New Zealand,NZL,2019,42855.831861632
New Zealand,NZL,2018,43257.0769238879
Nicaragua,NIC,2024,2847.53966339498
Nicaragua,NIC,2023,2609.44492072931
Nicaragua,NIC,2022,2322.89053964583
Nicaragua,NIC,2021,2138.38588469449
Nicaragua,NIC,2020,1938.44704754382
Nicaragua,NIC,2019,1958.62051528095
Nicaragua,NIC,2018,2035.16549390507
Niger,NER,2024,735.270255787226
Niger,NER,2023,638.336080897887
Niger,NER,2022,609.745147574878
Niger,NER,2021,608.722439593808
Niger,NER,2020,579.512495758236
Niger,NER,2019,561.691304349698
Niger,NER,2018,578.568035680892
Nigeria,NGA,2024,1084.16041805436
Nigeria,NGA,2023,2138.76383719983
Nigeria,NGA,2022,2899.16047470324
Nigeria,NGA,2021,2787.48779224428
Nigeria,NGA,2020,2797.18458068686
Nigeria,NGA,2019,3189.81286498516
Nigeria,NGA,2018,2057.87944554011
North Macedonia,MKD,2024,9291.85661671864
North Macedonia,MKD,2023,8674.35846327485
North Macedonia,MKD,2022,7606.2375253797
North Macedonia,MKD,2021,7620.80296977508
North Macedonia,MKD,2020,6659.59651070776
North Macedonia,MKD,2019,6718.85826635458
North Macedonia,MKD,2018,6713.98925398989
Northern Mariana Islands,MNP,2022,23785.754590043
Northern Mariana Islands,MNP,2021,19455.50139424
Northern Mariana Islands,MNP,2020,18220.8382427201
Northern Mariana Islands,MNP,2019,24496.6652122421
Northern Mariana Islands,MNP,2018,26509.3628379893
Norway,NOR,2024,86785.4334489176
Norway,NOR,2023,87497.2179649556
Norway,NOR,2022,109269.520580298
Norway,NOR,2021,93072.8925119571
Norway,NOR,2020,68340.0181033702
Norway,NOR,2019,76430.5889473338
Norway,NOR,2018,82792.8427113304
Oman,OMN,2024,20285.2272897377
Oman,OMN,2023,21027.7384778886
Oman,OMN,2022,23223.5829405935
Oman,OMN,2021,19403.4600160211
Oman,OMN,2020,16784.8630630058
Oman,OMN,2019,19180.1864152801
Oman,OMN,2018,19901.7615642016
Pakistan,PAK,2024,1478.77277977996
Pakistan,PAK,2023,1360.32417758419
Pakistan,PAK,2022,1538.3228133171
Pakistan,PAK,2021,1455.31922370186
Pakistan,PAK,2020,1278.39735206896
Pakistan,PAK,2019,1390.41690981745
Pakistan,PAK,2018,1569.33814626355
Palau,PLW,2023,15610.8231931032
Palau,PLW,2022,13729.7602761496
Palau,PLW,2021,13009.2481630213
Palau,PLW,2020,14708.2119536914
Palau,PLW,2019,15846.7968470167
Palau,PLW,2018,16166.9671073752
Panama,PAN,2024,19161.2188501596
Panama,PAN,2023,18797.1933994045
Panama,PAN,2022,17378.6070017557
Panama,PAN,2021,15509.8069124139
Panama,PAN,2020,13290.5608397749
Panama,PAN,2019,16477.9066268111
Panama,PAN,2018,16151.3273433486
Papua New Guinea,PNG,2024,3006.70564478923
Papua New Guinea,PNG,2023,2966.06830432055
Papua New Guinea,PNG,2022,3102.28968594061
Papua New Guinea,PNG,2021,2607.57861874444
Papua New Guinea,PNG,2020,2429.61134585269
Papua New Guinea,PNG,2019,2575.77274140393
Papua New Guinea,PNG,2018,2566.36833735041
Paraguay,PRY,2024,6416.09708970845
Paraguay,PRY,2023,6299.99026533713
Paraguay,PRY,2022,6205.62595379319
Paraguay,PRY,2021,5976.93179789949
Paraguay,PRY,2020,5365.47220721104
Paraguay,PRY,2019,5821.18199548738
Paraguay,PRY,2018,6258.44991640984
Peru,PER,2024,8452.37167056621
Peru,PER,2023,7887.54185920108
Peru,PER,2022,7350.63034300417
Peru,PER,2021,6826.20255614477
Peru,PER,2020,6133.32552410183
Peru,PER,2019,7037.00803692604
Peru,PER,2018,6978.49121548627
Philippines,PHL,2024,3984.8315387656
Philippines,PHL,2023,3804.08274131097
Philippines,PHL,2022,3548.06930572116
Philippines,PHL,2021,3484.38593882819
Philippines,PHL,2020,3227.57910235199
Philippines,PHL,2019,3400.78949767074
Philippines,PHL,2018,3168.51036609727
Poland,POL,2024,25103.565661423
Poland,POL,2023,22145.2660647429
Poland,POL,2022,18891.2121169279
Poland,POL,2021,18635.5104895754
Poland,POL,2020,16150.9304813473
Poland,POL,2019,15874.5220531254
Poland,POL,2018,15658.2120316794
Portugal,PRT,2024,29292.242104753
Portugal,PRT,2023,27634.6183139773
Portugal,PRT,2022,24620.5197587181
Portugal,PRT,2021,24711.4510062111
Portugal,PRT,2020,22299.4044062173
Portugal,PRT,2019,23343.3628970034
Portugal,PRT,2018,23541.1401075289
Puerto Rico (US),PRI,2024,39343.7154660139
Puerto Rico (US),PRI,2023,36980.7884784287
Puerto Rico (US),PRI,2022,35353.6821570014
Puerto Rico (US),PRI,2021,32619.0704601174
Puerto Rico (US),PRI,2020,31427.1130762831
Puerto Rico (US),PRI,2019,31830.5284993358
Puerto Rico (US),PRI,2018,30679.9181934488
Qatar,QAT,2024,76688.6941743178
Qatar,QAT,2023,81816.9797967481
Qatar,QAT,2022,88701.4689763536
Qatar,QAT,2021,71751.9363398856
Qatar,QAT,2020,51683.5681078949
Qatar,QAT,2019,66841.3623185691
Qatar,QAT,2018,71039.9308240078
Romania,ROU,2024,20080.2096215595
Romania,ROU,2023,18244.4186876321
Romania,ROU,2022,15503.551804598
Romania,ROU,2021,14907.9803652143
Romania,ROU,2020,13009.1770573223
Romania,ROU,2019,12909.6104013244
Romania,ROU,2018,12416.134317959
Russian Federation,RUS,2024,14889.0185546875
Russian Federation,RUS,2023,14159.3876953125
Russian Federation,RUS,2022,15619.6142578125
Russian Federation,RUS,2021,12425.029296875
Russian Federation,RUS,2020,10108.3271484375
Russian Federation,RUS,2019,11447.701171875
Russian Federation,RUS,2018,11211.8876953125
Rwanda,RWA,2024,999.65456165547
Rwanda,RWA,2023,1027.03446826565
Rwanda,RWA,2022,975.469323735369
Rwanda,RWA,2021,829.544845263697
Rwanda,RWA,2020,778.701498925026
Rwanda,RWA,2019,810.051412137354
Rwanda,RWA,2018,771.773511207309
Samoa,WSM,2024,5392.87761915762
Samoa,WSM,2023,4822.74084650019
Samoa,WSM,2022,4132.44717734444
Samoa,WSM,2021,4021.55934894283
Samoa,WSM,2020,4099.59660548583
Samoa,WSM,2019,4351.94234943706
Samoa,WSM,2018,4231.81409469194
San Marino,SMR,2023,59879.7173015651
San Marino,SMR,2022,54190.8417700372
San Marino,SMR,2021,54176.4798021628
San Marino,SMR,2020,44326.9556746411
San Marino,SMR,2019,46630.1443120725
San Marino,SMR,2018,47950.6880557136
Sao Tome and Principe,STP,2024,3490.56883486557
Sao Tome and Principe,STP,2023,2990.6606143535
Sao Tome and Principe,STP,2022,2389.73729784737
Sao Tome and Principe,STP,2021,2362.58827248102
Sao Tome and Principe,STP,2020,2167.22001796925
Sao Tome and Principe,STP,2019,1935.2931816596
Sao Tome and Principe,STP,2018,1825.59971753966
Saudi Arabia,SAU,2024,35121.6628687742
Saudi Arabia,SAU,2023,36156.848337701
Saudi Arabia,SAU,2022,38510.2276211037
Saudi Arabia,SAU,2021,31920.7653655643
Saudi Arabia,SAU,2020,24338.8307301067
Saudi Arabia,SAU,2019,29566.7933827436
Saudi Arabia,SAU,2018,29360.0658968566
Senegal,SEN,2024,1773.21829923448
Senegal,SEN,2023,1698.03387300843
Senegal,SEN,2022,1574.0281059306
Senegal,SEN,2021,1598.10676952274
Senegal,SEN,2020,1461.08720350553
Senegal,SEN,2019,1431.18128932159
Senegal,SEN,2018,1452.55612562445
Serbia,SRB,2024,13679.2065983557
Serbia,SRB,2023,12281.707946167
Serbia,SRB,2022,10024.8191112596
Serbia,SRB,2021,9680.52798074468
Serbia,SRB,2020,8098.70955668849
Serbia,SRB,2019,7755.632986437
Serbia,SRB,2018,7559.86165747394
Seychelles,SYC,2024,17858.8226383978
Seychelles,SYC,2023,18262.7115849287
Seychelles,SYC,2022,16836.6721895387
Seychelles,SYC,2021,14982.9111487767
Seychelles,SYC,2020,14041.4754074575
Seychelles,SYC,2019,19141.5118743615
Seychelles,SYC,2018,18440.2340460932
Sierra Leone,SLE,2024,806.654650417726
Sierra Leone,SLE,2023,758.329137378248
Sierra Leone,SLE,2022,860.371067916096
Sierra Leone,SLE,2021,885.396401885395
Sierra Leone,SLE,2020,845.277557920549
Sierra Leone,SLE,2019,843.712517809977
Sierra Leone,SLE,2018,845.914540460932
Singapore,SGP,2024,90674.066632628
Singapore,SGP,2023,85412.230345235
Singapore,SGP,2022,90299.0694637269
Singapore,SGP,2021,80056.1288247844
Singapore,SGP,2020,61410.0792630788
Singapore,SGP,2019,65952.0378959293
Singapore,SGP,2018,66881.6067035265
Sint Maarten (Dutch part),SXM,2024,41472.5874498583
Sint Maarten (Dutch part),SXM,2023,39451.8223361963
Sint Maarten (Dutch part),SXM,2022,37793.1284399157
Sint Maarten (Dutch part),SXM,2021,32548.4366854902
Sint Maarten (Dutch part),SXM,2020,30150.8998380477
Sint Maarten (Dutch part),SXM,2019,34861.469528968
Sint Maarten (Dutch part),SXM,2018,31708.3110124742
Slovak Republic,SVK,2024,25992.6748502048
Slovak Republic,SVK,2023,24614.8734642794
Slovak Republic,SVK,2022,21317.7943982363
Slovak Republic,SVK,2021,22123.3342114545
Slovak Republic,SVK,2020,19735.4858280801
Slovak Republic,SVK,2019,19406.0589683582
Slovak Republic,SVK,2018,19573.3717031314
Slovenia,SVN,2024,34301.0318686594
Slovenia,SVN,2023,32660.4753581346
Slovenia,SVN,2022,28360.3041467268
Slovenia,SVN,2021,29192.8401933019
Slovenia,SVN,2020,25392.0651093612
Slovenia,SVN,2019,25814.1687167572
Slovenia,SVN,2018,25888.0481065655
Solomon Islands,SLB,2024,1933.55538435227
Solomon Islands,SLB,2023,1882.64394148042
Solomon Islands,SLB,2022,1877.78104490956
Solomon Islands,SLB,2021,2043.44413170658
Solomon Islands,SLB,2020,2063.32780991967
Solomon Islands,SLB,2019,2223.65890942466
Solomon Islands,SLB,2018,2278.19908624102
"Somalia, Fed. Rep.",SOM,2024,629.538899449007
"Somalia, Fed. Rep.",SOM,2023,596.885985135589
"Somalia, Fed. Rep.",SOM,2022,573.141165798229
"Somalia, Fed. Rep.",SOM,2021,549.056994756254
"Somalia, Fed. Rep.",SOM,2020,518.16113333875
"Somalia, Fed. Rep.",SOM,2019,539.954816211694
"Somalia, Fed. Rep.",SOM,2018,509.497273804534
South Africa,ZAF,2024,6267.186814093
South Africa,ZAF,2023,6034.27208964673
South Africa,ZAF,2022,6534.24867783397
South Africa,ZAF,2021,6828.75624590017
South Africa,ZAF,2020,5580.60383075189
South Africa,ZAF,2019,6533.71121032856
South Africa,ZAF,2018,6914.1780318076
Spain,ESP,2024,35326.7683069278
Spain,ESP,2023,33493.2225409111
Spain,ESP,2022,30319.4987196616
Spain,ESP,2021,30799.4775937775
Spain,ESP,2020,27233.942646160802
Spain,ESP,2019,29786.5245689007
Spain,ESP,2018,30602.4212881113
Sri Lanka,LKA,2024,4515.56787322732
Sri Lanka,LKA,2023,3798.89016573011
Sri Lanka,LKA,2022,3342.63650253855
Sri Lanka,LKA,2021,3996.96240014909
Sri Lanka,LKA,2020,3847.60137695639
Sri Lanka,LKA,2019,4081.94772722003
Sri Lanka,LKA,2018,4358.56095906047
St. Kitts and Nevis,KNA,2024,23960.6534357084
St. Kitts and Nevis,KNA,2023,22576.9248439166
St. Kitts and Nevis,KNA,2022,21011.5744209816
St. Kitts and Nevis,KNA,2021,18361.1449697886
St. Kitts and Nevis,KNA,2020,18859.0190361046
St. Kitts and Nevis,KNA,2019,23595.4923231291
St. Kitts and Nevis,KNA,2018,22901.3816403197
St. Lucia,LCA,2024,14181.6303351598
St. Lucia,LCA,2023,13554.7684784933
St. Lucia,LCA,2022,13103.8243147472
St. Lucia,LCA,2021,10459.1321248092
St. Lucia,LCA,2020,8411.07474936367
St. Lucia,LCA,2019,11794.0597229805
St. Lucia,LCA,2018,11642.6984727769
St. Martin (French part),MAF,2021,21668.3776525323
St. Martin (French part),MAF,2019,19033.0649634889
St. Vincent and the Grenadines,VCT,2024,11501.2265187188
St. Vincent and the Grenadines,VCT,2023,10582.3656725229
St. Vincent and the Grenadines,VCT,2022,9693.55867833025
St. Vincent and the Grenadines,VCT,2021,8641.27904024443
St. Vincent and the Grenadines,VCT,2020,8351.20324040982
St. Vincent and the Grenadines,VCT,2019,8740.59425232061
St. Vincent and the Grenadines,VCT,2018,8428.12677153069
Sudan,SDN,2024,984.607666015625
Sudan,SDN,2023,797.283447265625
Sudan,SDN,2022,1046.24084472656
Sudan,SDN,2021,712.122009277344
Sudan,SDN,2020,577.795227050781
Sudan,SDN,2019,709.975280761719
Sudan,SDN,2018,731.027465820313
Suriname,SUR,2024,6961.78955961526
Suriname,SUR,2023,5521.97602122638
Suriname,SUR,2022,6084.43876736445
Suriname,SUR,2021,5029.84838543953
Suriname,SUR,2020,4755.39221710693
Suriname,SUR,2019,6629.66775248603
Suriname,SUR,2018,6665.74180472239
Sweden,SWE,2024,57117.4877440616
Sweden,SWE,2023,54950.2834725622
Sweden,SWE,2022,54836.8907235124
Sweden,SWE,2021,60647.5416365347
Sweden,SWE,2020,52568.5726980146
Sweden,SWE,2019,51648.9892820514
Sweden,SWE,2018,54018.4554391861
Switzerland,CHE,2024,103998.186685604
Switzerland,CHE,2023,100623.549627296
Switzerland,CHE,2022,94394.5106803525
Switzerland,CHE,2021,93664.7736696111
Switzerland,CHE,2020,85897.7843338323
Switzerland,CHE,2019,84121.9310304414
Switzerland,CHE,2018,85217.3691512274
Syrian Arab Republic,SYR,2022,1051.67149587463
Syrian Arab Republic,SYR,2021,663.614245706815
Syrian Arab Republic,SYR,2020,572.355289831901
Syrian Arab Republic,SYR,2019,1109.53926036049
Syrian Arab Republic,SYR,2018,1098.0668642357
Tajikistan,TJK,2024,1341.20229027672
Tajikistan,TJK,2023,1178.47990060249
Tajikistan,TJK,2022,1052.17949484894
Tajikistan,TJK,2021,896.748053372182
Tajikistan,TJK,2020,834.311715460625
Tajikistan,TJK,2019,871.022372934846
Tajikistan,TJK,2018,834.288404578801
Tanzania,TZA,2024,1186.71691894531
Tanzania,TZA,2023,1224.00219726563
Tanzania,TZA,2022,1207.52062988281
Tanzania,TZA,2021,1159.85656738281
Tanzania,TZA,2020,1117.41528320313
Tanzania,TZA,2019,1063.32250976563
Tanzania,TZA,2018,1023.10626220703
Thailand,THA,2024,7346.62022142185
Thailand,THA,2023,7195.10130919449
Thailand,THA,2022,6909.35281815827
Thailand,THA,2021,7057.20754802279
Thailand,THA,2020,6985.64393892574
Thailand,THA,2019,7605.69657797759
Thailand,THA,2018,7099.77650081458
Timor-Leste,TLS,2024,1331.9705130185
Timor-Leste,TLS,2023,1502.41147438211
Timor-Leste,TLS,2022,2343.24954740187
Timor-Leste,TLS,2021,2684.92676774277
Timor-Leste,TLS,2020,1630.86938521256
Timor-Leste,TLS,2019,1562.36458068032
Timor-Leste,TLS,2018,1219.46599728983
Togo,TGO,2024,1119.38160509429
Togo,TGO,2023,1055.01727877926
Togo,TGO,2022,951.232378690387
Togo,TGO,2021,962.075187515872
Togo,TGO,2020,863.468665870276
Togo,TGO,2019,826.255209019798
Togo,TGO,2018,851.120561233595
Tonga,TON,2023,5651.59373063157
Tonga,TON,2022,5298.01941509951
Tonga,TON,2021,4922.80171378368
Tonga,TON,2020,4792.35854741522
Tonga,TON,2019,4788.83342304684
Tonga,TON,2018,4675.04791274385
Trinidad and Tobago,TTO,2024,18733.4110406494
Trinidad and Tobago,TTO,2023,18308.4536298575
Trinidad and Tobago,TTO,2022,20750.5202434652
Trinidad and Tobago,TTO,2021,17712.5674104655
Trinidad and Tobago,TTO,2020,15283.6270531554
Trinidad and Tobago,TTO,2019,17212.6128892163
Trinidad and Tobago,TTO,2018,17571.498737278
Tunisia,TUN,2024,4181.13789301228
Tunisia,TUN,2023,3951.11683376921
Tunisia,TUN,2022,3707.29283414381
Tunisia,TUN,2021,3906.93926319391
Tunisia,TUN,2020,3548.65363663803
Tunisia,TUN,2019,3528.87213306798
Tunisia,TUN,2018,3628.10366464236
Turkiye,TUR,2024,15892.7157287241
Turkiye,TUR,2023,13375.0947282864
Turkiye,TUR,2022,10897.8397861365
Turkiye,TUR,2021,9981.76398411336
Turkiye,TUR,2020,8798.11791709313
Turkiye,TUR,2019,9395.23378001368
Turkiye,TUR,2018,9684.11819884721
Turkmenistan,TKM,2024,6856.65802730208
Turkmenistan,TKM,2023,6231.91323839698
Turkmenistan,TKM,2022,5837.84224538947
Turkmenistan,TKM,2021,5723.30227157906
Turkmenistan,TKM,2020,5972.72356566861
Turkmenistan,TKM,2019,5998.0017434754
Turkmenistan,TKM,2018,6125.05169712085
Turks and Caicos Islands,TCA,2024,37506.7798431288
Turks and Caicos Islands,TCA,2023,35470.2151608295
Turks and Caicos Islands,TCA,2022,31280.5418020808
Turks and Caicos Islands,TCA,2021,27329.2885087196
Turks and Caicos Islands,TCA,2020,20690.9160546118
Turks and Caicos Islands,TCA,2019,31780.5217068989
Turks and Caicos Islands,TCA,2018,31625.616593277002
Tuvalu,TUV,2023,6344.7750188689
Tuvalu,TUV,2022,5911.32727055301
Tuvalu,TUV,2021,5905.08198095343
Tuvalu,TUV,2020,4976.11254109571
Tuvalu,TUV,2019,5115.13075950206
Tuvalu,TUV,2018,4466.12034928245
Uganda,UGA,2024,1077.91278452817
Uganda,UGA,2023,1002.30913917142
Uganda,UGA,2022,963.067314117178
Uganda,UGA,2021,882.791717542504
Uganda,UGA,2020,845.766463890124
Uganda,UGA,2019,822.171150036357
Uganda,UGA,2018,792.16570022814
Ukraine,UKR,2024,5389.47314453125
Ukraine,UKR,2023,5139.59814453125
Ukraine,UKR,2022,4199.6708984375
Ukraine,UKR,2021,4775.94580078125
Ukraine,UKR,2020,3709.76928710938
Ukraine,UKR,2019,3619.86157226563
Ukraine,UKR,2018,3059.0517578125
United Arab Emirates,ARE,2024,50273.5060469837
United Arab Emirates,ARE,2023,49850.6872175164
United Arab Emirates,ARE,2022,50759.7589231191
United Arab Emirates,ARE,2021,44118.5047192771
United Arab Emirates,ARE,2020,37991.7492971665
United Arab Emirates,ARE,2019,45938.6073581994
United Arab Emirates,ARE,2018,47135.3591943971
United Kingdom,GBR,2024,53246.3676145108
United Kingdom,GBR,2023,49944.4702124201
United Kingdom,GBR,2022,47057.043229179
United Kingdom,GBR,2021,47691.3768799404
United Kingdom,GBR,2020,40812.6794663879
United Kingdom,GBR,2019,43158.7411267323
United Kingdom,GBR,2018,43702.9976303165
United States,USA,2024,84534.0407841548
United States,USA,2023,81032.262117545
United States,USA,2022,76657.2488844403
United States,USA,2021,70205.050916026
United States,USA,2020,63515.9491807833
United States,USA,2019,64746.4506778863
United States,USA,2018,62499.8744390068
Uruguay,URY,2024,23906.5133029408
Uruguay,URY,2023,23019.4221560046
Uruguay,URY,2022,20818.6146091144
Uruguay,URY,2021,17881.818721099
Uruguay,URY,2020,15757.5355995779
Uruguay,URY,2019,18315.7316980028
Uruguay,URY,2018,19249.9404677501
Uzbekistan,UZB,2024,3161.70010632875
Uzbekistan,UZB,2023,2878.96879292451
Uzbekistan,UZB,2022,2578.66689394219
Uzbekistan,UZB,2021,2258.51964119278
Uzbekistan,UZB,2020,1978.28051860763
Uzbekistan,UZB,2019,2041.38480729431
Uzbekistan,UZB,2018,1813.08530813664
Vanuatu,VUT,2024,3410.77023167097
Vanuatu,VUT,2023,3482.61458237637
Vanuatu,VUT,2022,3370.21191956953
Vanuatu,VUT,2021,3107.20312858002
Vanuatu,VUT,2020,3042.98711598286
Vanuatu,VUT,2019,3207.44650452083
Vanuatu,VUT,2018,3206.65748718811
"Venezuela, RB",VEN,2024,4217.59102643391
"Venezuela, RB",VEN,2023,3617.43594578269
"Venezuela, RB",VEN,2022,3155.04207099687
"Venezuela, RB",VEN,2021,2004.93397949792
"Venezuela, RB",VEN,2020,1506.0436210041
"Venezuela, RB",VEN,2019,2523.11275230667
"Venezuela, RB",VEN,2018,3422.65467014854
Viet Nam,VNM,2024,4717.29028732449
Viet Nam,VNM,2023,4323.35031982451
Viet Nam,VNM,2022,4147.69777213621
Viet Nam,VNM,2021,3704.1935590038
Viet Nam,VNM,2020,3534.03953482647
Viet Nam,VNM,2019,3440.90025375434
Viet Nam,VNM,2018,3222.31003125366
Virgin Islands (U.S.),VIR,2022,44320.909185774
Virgin Islands (U.S.),VIR,2021,42571.0777368471
Virgin Islands (U.S.),VIR,2020,39787.3741650202
Virgin Islands (U.S.),VIR,2019,38633.5298915336
Virgin Islands (U.S.),VIR,2018,36663.2087550584
West Bank and Gaza,PSE,2024,2592.30591217647
West Bank and Gaza,PSE,2023,3455.02852911712
West Bank and Gaza,PSE,2022,3799.95527015163
West Bank and Gaza,PSE,2021,3678.63565662194
West Bank and Gaza,PSE,2020,3233.56863835858
West Bank and Gaza,PSE,2019,3656.85827137011
West Bank and Gaza,PSE,2018,3562.33094270256
"Yemen, Rep.",YEM,2018,633.887202451545
Zambia,ZMB,2024,1187.10943350064
Zambia,ZMB,2023,1330.72780576709
Zambia,ZMB,2022,1447.12310138035
Zambia,ZMB,2021,1127.16077872857
Zambia,ZMB,2020,951.644316655957
Zambia,ZMB,2019,1258.98619844462
Zambia,ZMB,2018,1463.89997855593
Zimbabwe,ZWE,2024,2497.20332208763
Zimbabwe,ZWE,2023,2195.22492079245
Zimbabwe,ZWE,2022,2536.40050223076
Zimbabwe,ZWE,2021,2613.60542083552
Zimbabwe,ZWE,2020,2059.67445384499
Zimbabwe,ZWE,2019,2184.32923855469
Zimbabwe,ZWE,2018,2270.89531874302
