country_name,country_code,year,export_value_usd
Afghanistan,AFG,2018,5385.15
Afghanistan,AFG,2019,4919.176
Afghanistan,AFG,2020,4667.013
Albania,ALB,2018,10228394.937
Albania,ALB,2019,9849167.032
Albania,ALB,2020,10295386.957
Albania,ALB,2021,14254982.317
Albania,ALB,2022,15226214.425
Albania,ALB,2023,17116000.009
Albania,ALB,2024,20146656.421
Algeria,DZA,2018,2992.537
Algeria,DZA,2022,1151059.025
Algeria,DZA,2023,106953.686
Andorra,AND,2018,41901.429
Andorra,AND,2019,41384.217
Andorra,AND,2020,37121.37
Andorra,AND,2021,34379.895
Andorra,AND,2022,107155.069
Andorra,AND,2023,215116.229
Andorra,AND,2024,77971.331
Angola,AGO,2018,1927169.309
Angola,AGO,2019,1070538.684
Angola,AGO,2020,716510.973
Angola,AGO,2021,1448056.165
Angola,AGO,2022,2364413.248
Angola,AGO,2023,633504.472
Angola,AGO,2024,1153202.156
Anguilla,AIA,2018,31433.453
Anguilla,AIA,2019,106947.85
Anguilla,AIA,2020,17403.64
Anguilla,AIA,2021,49185.439
Anguilla,AIA,2022,132856.827
Anguilla,AIA,2023,128293.603
Anguilla,AIA,2024,136897.534
Antigua and Barbuda,ATG,2018,475194.632
Antigua and Barbuda,ATG,2019,416029.71
Antigua and Barbuda,ATG,2020,235637.319
Antigua and Barbuda,ATG,2021,538793.8
Antigua and Barbuda,ATG,2022,691603.377
Antigua and Barbuda,ATG,2023,477000.57
Antigua and Barbuda,ATG,2024,643131.185
"Areas, nes",_X,2018,3638311.426
"Areas, nes",_X,2019,3714670.614
"Areas, nes",_X,2020,1283933.386
"Areas, nes",_X,2021,1077096.763
"Areas, nes",_X,2022,1276102.232
"Areas, nes",_X,2023,841740.589
"Areas, nes",_X,2024,730781.738
Argentina,ARG,2018,797236.064
Argentina,ARG,2019,223289.601
Argentina,ARG,2020,493303.03
Argentina,ARG,2021,454244.426
Argentina,ARG,2022,545108.517
Argentina,ARG,2023,499308.223
Argentina,ARG,2024,702019.665
Armenia,ARM,2018,273089.708
Armenia,ARM,2019,217615.868
Armenia,ARM,2020,169471.047
Armenia,ARM,2021,512305.148
Armenia,ARM,2022,784209.527
Armenia,ARM,2023,1671495.315
Armenia,ARM,2024,1749082.111
Aruba,ABW,2018,1277205.294
Aruba,ABW,2019,1213878.806
Aruba,ABW,2020,577381.22
Aruba,ABW,2021,1195511.54
Aruba,ABW,2022,1488729.599
Aruba,ABW,2023,1344984.63
Aruba,ABW,2024,1766253.041
Australia,AUS,2018,72923075.746
Australia,AUS,2019,71062232.598
Australia,AUS,2020,74356707.175
Australia,AUS,2021,87860484.867
Australia,AUS,2022,86612299.968
Australia,AUS,2023,78967124.436
Australia,AUS,2024,75674582.732
Austria,AUT,2018,125646595.838
Austria,AUT,2019,119664996.932
Austria,AUT,2020,123873356.069
Austria,AUT,2021,136138419.769
Austria,AUT,2022,144202571.268
Austria,AUT,2023,152544604.884
Austria,AUT,2024,173098603.282
Azerbaijan,AZE,2018,347170.952
Azerbaijan,AZE,2019,554651.051
Azerbaijan,AZE,2020,463556.82
Azerbaijan,AZE,2021,905883.275
Azerbaijan,AZE,2022,1161891.736
Azerbaijan,AZE,2023,1570142.601
Azerbaijan,AZE,2024,1795825.122
Bahamas,BHS,2018,1954794.185
Bahamas,BHS,2019,1877218.561
Bahamas,BHS,2020,854575.056
Bahamas,BHS,2021,1490671.481
Bahamas,BHS,2022,2358180.253
Bahamas,BHS,2023,2459704.457
Bahamas,BHS,2024,1863562.905
Bahrain,BHR,2018,339572.694
Bahrain,BHR,2019,344476.639
Bahrain,BHR,2020,321453.931
Bahrain,BHR,2021,538211.892
Bahrain,BHR,2022,661008.102
Bahrain,BHR,2023,629005.313
Bahrain,BHR,2024,594323.264
Bangladesh,BGD,2018,78170.888
Bangladesh,BGD,2019,51822.631
Bangladesh,BGD,2021,59262.386
Bangladesh,BGD,2022,31107.057
Bangladesh,BGD,2023,135451.601
Barbados,BRB,2018,925314.069
Barbados,BRB,2019,952441.523
Barbados,BRB,2020,374802.48
Barbados,BRB,2021,1409625.384
Barbados,BRB,2022,1394742.903
Barbados,BRB,2023,1207651.621
Barbados,BRB,2024,1230375.006
Belarus,BLR,2018,3226278.937
Belarus,BLR,2019,6092750.596
Belarus,BLR,2020,8109312.904
Belarus,BLR,2021,9753216.043
Belarus,BLR,2022,5375019.257
Belarus,BLR,2023,8944568.674
Belarus,BLR,2024,10274261.018
Belgium,BEL,2018,157831235.581
Belgium,BEL,2019,156620716.133
Belgium,BEL,2020,183567036.429
Belgium,BEL,2021,258741720.283
Belgium,BEL,2022,252004214.676
Belgium,BEL,2023,254494991.29
Belgium,BEL,2024,242935030.09
Belize,BLZ,2018,177652.091
Belize,BLZ,2019,170688.903
Belize,BLZ,2020,115990.004
Belize,BLZ,2021,131498.25
Belize,BLZ,2022,297544.156
Belize,BLZ,2023,194810.005
Belize,BLZ,2024,245133.59
Benin,BEN,2018,96008.017
Benin,BEN,2019,56170.851
Benin,BEN,2020,53024.165
Benin,BEN,2021,77607.871
Benin,BEN,2022,97140.577
Benin,BEN,2023,182045.629
Benin,BEN,2024,143654.232
Bermuda,BMU,2018,2027936.571
Bermuda,BMU,2019,1928135.5
Bermuda,BMU,2020,1905708.338
Bermuda,BMU,2021,1918364.57
Bermuda,BMU,2022,2069062.593
Bermuda,BMU,2023,2080161.871
Bermuda,BMU,2024,2086810.578
Bhutan,BTN,2018,30284.384
Bhutan,BTN,2021,27807.407
Bhutan,BTN,2022,53724.435
Bhutan,BTN,2023,75580.677
Bolivia (Plurinational State of),BOL,2018,25737.711
Bolivia (Plurinational State of),BOL,2019,23889.461
Bolivia (Plurinational State of),BOL,2020,15241.463
Bolivia (Plurinational State of),BOL,2023,3353.014
Bolivia (Plurinational State of),BOL,2024,3233.742
Bonaire,BES,2018,272972.793
Bonaire,BES,2019,284807.285
Bonaire,BES,2020,163256.359
Bonaire,BES,2021,256809.586
Bonaire,BES,2022,153694.554
Bonaire,BES,2024,255905.745
Bosnia Herzegovina,BIH,2018,181158.344
Bosnia Herzegovina,BIH,2019,257814.512
Bosnia Herzegovina,BIH,2020,111099.121
Bosnia Herzegovina,BIH,2021,259892.99
Bosnia Herzegovina,BIH,2022,315399.648
Bosnia Herzegovina,BIH,2023,405829.307
Bosnia Herzegovina,BIH,2024,601373.115
Botswana,BWA,2018,49636.678
Botswana,BWA,2019,7008.202
Botswana,BWA,2020,20080.948
Botswana,BWA,2021,21273.95
Botswana,BWA,2022,18200.893
Botswana,BWA,2023,81941.78
Botswana,BWA,2024,37753.888
Br. Virgin Isds,VGB,2018,753226.633
Br. Virgin Isds,VGB,2019,797347.55
Br. Virgin Isds,VGB,2020,461836.673
Br. Virgin Isds,VGB,2021,622096.566
Br. Virgin Isds,VGB,2022,660336.257
Br. Virgin Isds,VGB,2023,342993.544
Br. Virgin Isds,VGB,2024,231358.226
Brazil,BRA,2018,41677700.682
Brazil,BRA,2019,39293238.934
Brazil,BRA,2020,39637213.171
Brazil,BRA,2021,42216640.371
Brazil,BRA,2022,37876047.859
Brazil,BRA,2023,39763344.258
Brazil,BRA,2024,43288854.242
Brunei Darussalam,BRN,2019,6087.956
Bulgaria,BGR,2018,8275261.174
Bulgaria,BGR,2019,9677723.572
Bulgaria,BGR,2020,8416649.293
Bulgaria,BGR,2021,12254555.677
Bulgaria,BGR,2022,14781361.402
Bulgaria,BGR,2023,16439824.352
Bulgaria,BGR,2024,17602114.133
Bunkers,X1,2018,3333322.97
Bunkers,X1,2019,3558736.999
Bunkers,X1,2020,699982.254
Bunkers,X1,2021,1489647.228
Bunkers,X1,2022,4395987.31
Bunkers,X1,2023,2304325.075
Bunkers,X1,2024,18880.612
Burkina Faso,BFA,2018,64096.278
Burkina Faso,BFA,2019,102741.809
Burkina Faso,BFA,2020,111595.976
Burkina Faso,BFA,2021,92809.632
Burkina Faso,BFA,2022,154217.919
Burkina Faso,BFA,2023,99082.05
Burkina Faso,BFA,2024,120124.198
Burundi,BDI,2018,17341.129
Burundi,BDI,2019,7953.078
Burundi,BDI,2022,10492.577
Burundi,BDI,2024,21003.606
Cabo Verde,CPV,2018,95389.197
Cabo Verde,CPV,2019,72540.489
Cabo Verde,CPV,2020,53927.642
Cabo Verde,CPV,2021,27263.347
Cabo Verde,CPV,2022,139711.121
Cabo Verde,CPV,2023,168925.515
Cabo Verde,CPV,2024,126496.494
Cambodia,KHM,2018,938702.544
Cambodia,KHM,2019,1279043.889
Cambodia,KHM,2020,603433.569
Cambodia,KHM,2021,564305.508
Cambodia,KHM,2022,1137566.313
Cambodia,KHM,2023,797508.052
Cambodia,KHM,2024,932577.314
Cameroon,CMR,2018,110004.684
Cameroon,CMR,2019,285228.225
Cameroon,CMR,2020,665632.994
Cameroon,CMR,2021,922189.716
Cameroon,CMR,2022,1436929.084
Cameroon,CMR,2023,1935935.775
Cameroon,CMR,2024,1879578.627
Canada,CAN,2018,393704986.042
Canada,CAN,2019,382731640.065
Canada,CAN,2020,395396296.556
Canada,CAN,2021,453862637.627
Canada,CAN,2022,450028296.237
Canada,CAN,2023,420444182.733
Canada,CAN,2024,468334860.201
Cayman Isds,CYM,2018,2059958.138
Cayman Isds,CYM,2019,1752750.207
Cayman Isds,CYM,2020,1710172.378
Cayman Isds,CYM,2021,1431416.191
Cayman Isds,CYM,2022,2396037.351
Cayman Isds,CYM,2023,2566512.172
Cayman Isds,CYM,2024,2263794.57
Central African Rep.,CAF,2018,1404.154
Chad,TCD,2023,1128.844
Chile,CHL,2018,2365832.31
Chile,CHL,2019,3264604.104
Chile,CHL,2020,2380141.148
Chile,CHL,2021,4751151.8
Chile,CHL,2022,6580212.354
Chile,CHL,2023,3612880.684
Chile,CHL,2024,3689551.109
China,CHN,2018,149852945.367
China,CHN,2019,149432929.492
China,CHN,2020,111983766.179
China,CHN,2021,149735779.55
China,CHN,2022,117464882.031
China,CHN,2023,108284908.872
China,CHN,2024,93714542.107
"China, Hong Kong SAR",HKG,2018,34109624.287
"China, Hong Kong SAR",HKG,2019,29843103.923
"China, Hong Kong SAR",HKG,2020,27335986.121
"China, Hong Kong SAR",HKG,2021,34888743.329
"China, Hong Kong SAR",HKG,2022,28774812.865
"China, Hong Kong SAR",HKG,2023,27343102.481
"China, Hong Kong SAR",HKG,2024,23382180.058
"China, Macao SAR",MAC,2018,108600.53
"China, Macao SAR",MAC,2019,128980.025
"China, Macao SAR",MAC,2020,162917.126
"China, Macao SAR",MAC,2021,103559.559
"China, Macao SAR",MAC,2022,107683.7
"China, Macao SAR",MAC,2023,194906.238
"China, Macao SAR",MAC,2024,123650.298
Colombia,COL,2018,3236202.494
Colombia,COL,2019,3813631.8
Colombia,COL,2020,4509818.132
Colombia,COL,2021,6157587.333
Colombia,COL,2022,7880837.982
Colombia,COL,2023,7109846.129
Colombia,COL,2024,7921343.999
Congo,COG,2018,116114.94
Congo,COG,2019,152395.928
Congo,COG,2020,296582.613
Congo,COG,2021,230582.32
Congo,COG,2022,132598.83
Congo,COG,2023,194511.575
Congo,COG,2024,251060.371
Cook Isds,COK,2019,9278.591
Cook Isds,COK,2020,1200.448
Cook Isds,COK,2022,5907.603
Cook Isds,COK,2023,10793.223
Cook Isds,COK,2024,2578.82
Costa Rica,CRI,2018,2762485.235
Costa Rica,CRI,2019,2514136.5
Costa Rica,CRI,2020,2809753.046
Costa Rica,CRI,2021,4128159.9
Costa Rica,CRI,2022,4317086.588
Costa Rica,CRI,2023,4057184.773
Costa Rica,CRI,2024,5092177.903
Croatia,HRV,2018,5292131.217
Croatia,HRV,2019,5627639.962
Croatia,HRV,2020,3480476.807
Croatia,HRV,2021,6553062.576
Croatia,HRV,2022,8629116.436
Croatia,HRV,2023,10995202.181
Croatia,HRV,2024,16257919.992
Cuba,CUB,2018,1015197.658
Cuba,CUB,2019,1133173.65
Cuba,CUB,2020,494761.615
Cuba,CUB,2021,100292.83
Cuba,CUB,2022,439123.385
Cuba,CUB,2023,840560.925
Cuba,CUB,2024,334826.451
Curaçao,CUW,2018,1392569.147
Curaçao,CUW,2019,519889.921
Curaçao,CUW,2020,363797.421
Curaçao,CUW,2021,731391.232
Curaçao,CUW,2022,647852.366
Curaçao,CUW,2024,480127.942
Cyprus,CYP,2018,7445194.588
Cyprus,CYP,2019,6990642.335
Cyprus,CYP,2020,4801563.545
Cyprus,CYP,2021,8725710.398
Cyprus,CYP,2022,11207747.155
Cyprus,CYP,2023,14244439.253
Cyprus,CYP,2024,12527541.578
Czechia,CZE,2018,57354485.945
Czechia,CZE,2019,59541119.033
Czechia,CZE,2020,65533203.098
Czechia,CZE,2021,79403401.996
Czechia,CZE,2022,82629245.67
Czechia,CZE,2023,105948063.561
Czechia,CZE,2024,110195299.949
Côte d'Ivoire,CIV,2018,622319.063
Côte d'Ivoire,CIV,2019,362984.562
Côte d'Ivoire,CIV,2020,220479.236
Côte d'Ivoire,CIV,2021,295899.153
Côte d'Ivoire,CIV,2022,418147.709
Côte d'Ivoire,CIV,2023,826010.293
Côte d'Ivoire,CIV,2024,497178.964
Dem. People's Rep. of Korea,PRK,2019,65852.47
Dem. People's Rep. of Korea,PRK,2022,4604.982
Dem. Rep. of the Congo,COD,2018,46918.121
Dem. Rep. of the Congo,COD,2019,11306.043
Dem. Rep. of the Congo,COD,2020,23179.726
Dem. Rep. of the Congo,COD,2021,413643.317
Dem. Rep. of the Congo,COD,2022,263110.518
Dem. Rep. of the Congo,COD,2023,1337534.689
Dem. Rep. of the Congo,COD,2024,131635.105
Denmark,DNK,2018,171548296.177
Denmark,DNK,2019,166643263.396
Denmark,DNK,2020,175124912.739
Denmark,DNK,2021,197314906.533
Denmark,DNK,2022,166673585.461
Denmark,DNK,2023,156573851.838
Denmark,DNK,2024,157916619.334
Djibouti,DJI,2018,36015.554
Djibouti,DJI,2019,4002.288
Djibouti,DJI,2020,5393.45
Djibouti,DJI,2021,7989.411
Djibouti,DJI,2022,50079.834
Djibouti,DJI,2023,7308.295
Djibouti,DJI,2024,47998.962
Dominica,DMA,2019,26033.343
Dominica,DMA,2020,27991.797
Dominica,DMA,2021,56582.296
Dominica,DMA,2022,52181.719
Dominica,DMA,2023,3255.7
Dominica,DMA,2024,2078.984
Dominican Rep.,DOM,2018,3477927.244
Dominican Rep.,DOM,2019,3290173.966
Dominican Rep.,DOM,2020,2949853.665
Dominican Rep.,DOM,2021,5173720.075
Dominican Rep.,DOM,2022,5197184.617
Dominican Rep.,DOM,2023,5067715.719
Dominican Rep.,DOM,2024,5849785.241
Ecuador,ECU,2018,1154074.306
Ecuador,ECU,2019,1508535.637
Ecuador,ECU,2020,1448330.799
Ecuador,ECU,2021,2873484.142
Ecuador,ECU,2022,4382946.355
Ecuador,ECU,2023,6700042.078
Ecuador,ECU,2024,7132788.72
Egypt,EGY,2018,189146.316
Egypt,EGY,2019,197995.141
Egypt,EGY,2020,176411.03
Egypt,EGY,2021,375132.11
Egypt,EGY,2022,186835.047
Egypt,EGY,2023,241759.769
Egypt,EGY,2024,225755.238
El Salvador,SLV,2018,477529.378
El Salvador,SLV,2019,501742.484
El Salvador,SLV,2020,385510.567
El Salvador,SLV,2021,808546.113
El Salvador,SLV,2022,963479.473
El Salvador,SLV,2023,631851.212
El Salvador,SLV,2024,683442.937
Equatorial Guinea,GNQ,2019,23943.198
Equatorial Guinea,GNQ,2020,2774.394
Equatorial Guinea,GNQ,2021,59546.244
Equatorial Guinea,GNQ,2022,80160.168
Equatorial Guinea,GNQ,2024,17357.001
Eritrea,ERI,2018,2843.737
Eritrea,ERI,2019,1157.585
Eritrea,ERI,2020,23826.209
Eritrea,ERI,2022,3829.938
Eritrea,ERI,2024,50694.097
Estonia,EST,2018,17485174.219
Estonia,EST,2019,18458500.282
Estonia,EST,2020,16936770.121
Estonia,EST,2021,21661097.524
Estonia,EST,2022,24757409.174
Estonia,EST,2023,25045448.833
Estonia,EST,2024,23081626.455
Ethiopia,ETH,2018,190561.099
Ethiopia,ETH,2019,295041.947
Ethiopia,ETH,2020,288949.317
Ethiopia,ETH,2021,303791.58
Ethiopia,ETH,2022,193195.461
Ethiopia,ETH,2023,525154.868
Ethiopia,ETH,2024,239199.474
FS Micronesia,FSM,2021,23803.831
Falkland Isds (Malvinas),FLK,2023,2049.004
Fiji,FJI,2018,117952.505
Fiji,FJI,2019,147718.569
Fiji,FJI,2020,20926.173
Fiji,FJI,2021,25807.394
Fiji,FJI,2022,283158.458
Fiji,FJI,2023,156495.251
Fiji,FJI,2024,193571.853
Finland,FIN,2018,45919463.068
Finland,FIN,2019,45521613.912
Finland,FIN,2020,51458513.447
Finland,FIN,2021,55943064.323
Finland,FIN,2022,50158786.018
Finland,FIN,2023,51051805.951
Finland,FIN,2024,49453410.654
France,FRA,2018,224913669.492
France,FRA,2019,231625750.874
France,FRA,2020,214783343.343
France,FRA,2021,273574060.831
France,FRA,2022,302368956.998
France,FRA,2023,341897583.127
France,FRA,2024,313332801.44
French Polynesia,PYF,2018,49180.829
French Polynesia,PYF,2019,40009.445
French Polynesia,PYF,2020,23276.812
French Polynesia,PYF,2021,42725.311
French Polynesia,PYF,2022,53440.112
French Polynesia,PYF,2023,61538.241
French Polynesia,PYF,2024,32754.477
Gabon,GAB,2018,57310.517
Gabon,GAB,2019,44151.673
Gabon,GAB,2020,21574.94
Gabon,GAB,2021,46103.217
Gabon,GAB,2022,75118.171
Gabon,GAB,2023,45228.385
Gabon,GAB,2024,131783.904
Gambia,GMB,2018,2565.032
Gambia,GMB,2019,23472.999
Georgia,GEO,2018,749667.237
Georgia,GEO,2019,917219.151
Georgia,GEO,2020,850472.288
Georgia,GEO,2021,957868.26
Georgia,GEO,2022,1308942.606
Georgia,GEO,2023,2582070.546
Georgia,GEO,2024,2267925.293
Germany,DEU,2018,1226593760.018
Germany,DEU,2019,1158467671.467
Germany,DEU,2020,1223899461.474
Germany,DEU,2021,1330274822.96
Germany,DEU,2022,1218926082.264
Germany,DEU,2023,1285155231.438
Germany,DEU,2024,1188202718.906
Ghana,GHA,2018,834472.725
Ghana,GHA,2019,933162.251
Ghana,GHA,2020,624471.677
Ghana,GHA,2021,1234709.919
Ghana,GHA,2022,1034173.786
Ghana,GHA,2023,1502124.317
Ghana,GHA,2024,1293913.954
Gibraltar,GIB,2018,187946.467
Gibraltar,GIB,2019,195056.399
Gibraltar,GIB,2020,91358.547
Gibraltar,GIB,2021,199595.706
Gibraltar,GIB,2022,193690.394
Gibraltar,GIB,2023,189891.314
Gibraltar,GIB,2024,112947.303
Greece,GRC,2018,22349423.364
Greece,GRC,2019,20480888.262
Greece,GRC,2020,13347025.134
Greece,GRC,2021,21662368.97
Greece,GRC,2022,25261577.267
Greece,GRC,2023,30087762.308
Greece,GRC,2024,33640104.024
Grenada,GRD,2018,161614.736
Grenada,GRD,2019,112406.635
Grenada,GRD,2020,90862.834
Grenada,GRD,2021,81059.107
Grenada,GRD,2022,166326.925
Grenada,GRD,2023,144976.497
Grenada,GRD,2024,112866.616
Guam,GUM,2018,218443.423
Guam,GUM,2019,232102.471
Guam,GUM,2020,107449.804
Guam,GUM,2021,186702.654
Guam,GUM,2022,237340.312
Guam,GUM,2023,181301.716
Guam,GUM,2024,130222.57
Guatemala,GTM,2018,1025240.491
Guatemala,GTM,2019,1139376.916
Guatemala,GTM,2020,1155526.57
Guatemala,GTM,2021,2173068.878
Guatemala,GTM,2022,2350120.219
Guatemala,GTM,2023,2112050.646
Guatemala,GTM,2024,2868560.956
Guinea,GIN,2018,3677.491
Guinea,GIN,2019,1155.346
Guinea,GIN,2020,71037.738
Guinea,GIN,2021,12842.194
Guinea,GIN,2022,49364.814
Guinea,GIN,2023,34305.41
Guinea,GIN,2024,1798.153
Guyana,GUY,2018,67495.064
Guyana,GUY,2019,101073.723
Guyana,GUY,2020,37804.403
Guyana,GUY,2021,57005.717
Guyana,GUY,2022,137750.344
Guyana,GUY,2023,82904.109
Guyana,GUY,2024,119664.181
Haiti,HTI,2018,72103.146
Haiti,HTI,2019,64031.009
Haiti,HTI,2020,96431.039
Haiti,HTI,2021,18974.703
Haiti,HTI,2022,61967.7
Haiti,HTI,2023,88453.179
Haiti,HTI,2024,65796.071
Holy See (Vatican City State),VAT,2018,372074.91
Holy See (Vatican City State),VAT,2019,337898.333
Holy See (Vatican City State),VAT,2020,219734.524
Holy See (Vatican City State),VAT,2021,310919.955
Holy See (Vatican City State),VAT,2022,337552.632
Holy See (Vatican City State),VAT,2023,418219.564
Holy See (Vatican City State),VAT,2024,276112.967
Honduras,HND,2018,701484.314
Honduras,HND,2019,598958.337
Honduras,HND,2020,459494.029
Honduras,HND,2021,814164.13
Honduras,HND,2022,558380.089
Honduras,HND,2023,1149640.479
Honduras,HND,2024,655398.658
Hungary,HUN,2018,8957397.918
Hungary,HUN,2019,10961614.988
Hungary,HUN,2020,9356890.192
Hungary,HUN,2021,11129811.038
Hungary,HUN,2022,12897243.634
Hungary,HUN,2023,13669005.394
Hungary,HUN,2024,16786331.919
Iceland,ISL,2018,5447577.83
Iceland,ISL,2019,6022135.684
Iceland,ISL,2020,6051370.399
Iceland,ISL,2021,7481624.897
Iceland,ISL,2022,7802216.318
Iceland,ISL,2023,8240727.678
Iceland,ISL,2024,8847956.808
India,IND,2018,2754258.709
India,IND,2019,1945390.679
India,IND,2020,1832836.233
India,IND,2021,3647666.918
India,IND,2022,5233764.367
India,IND,2023,3796044.345
India,IND,2024,2720307.601
Indonesia,IDN,2018,3920541.718
Indonesia,IDN,2019,1136423.619
Indonesia,IDN,2020,1395240.386
Indonesia,IDN,2021,3034561.544
Indonesia,IDN,2022,5284585.547
Indonesia,IDN,2023,7206848.899
Indonesia,IDN,2024,4384169.633
Iran,IRN,2019,2751.783
Iran,IRN,2021,1777.659
Iran,IRN,2023,1138.576
Iran,IRN,2024,1404.152
Iraq,IRQ,2018,268208.825
Iraq,IRQ,2019,326668.417
Iraq,IRQ,2020,580330.37
Iraq,IRQ,2021,340163.21
Iraq,IRQ,2022,767609.268
Iraq,IRQ,2023,310338.15
Iraq,IRQ,2024,283294.054
Ireland,IRL,2018,41163192.09
Ireland,IRL,2019,39348189.507
Ireland,IRL,2020,42699053.442
Ireland,IRL,2021,48181050.729
Ireland,IRL,2022,48014480.995
Ireland,IRL,2023,51934359.024
Ireland,IRL,2024,61159781.844
Israel,ISR,2018,9186687.223
Israel,ISR,2019,10617516.747
Israel,ISR,2020,13474485.07
Israel,ISR,2021,16520619.548
Israel,ISR,2022,15096407.226
Israel,ISR,2023,16019769.875
Israel,ISR,2024,18049654.545
Jamaica,JAM,2018,1173825.762
Jamaica,JAM,2019,993758.569
Jamaica,JAM,2020,669680.937
Jamaica,JAM,2021,1149223.815
Jamaica,JAM,2022,1793301.801
Jamaica,JAM,2023,1446274.631
Jamaica,JAM,2024,1201717.72
Japan,JPN,2018,190617398.968
Japan,JPN,2019,204098038.23
Japan,JPN,2020,175826361.573
Japan,JPN,2021,183339137.269
Japan,JPN,2022,209852805.175
Japan,JPN,2023,198525060.972
Japan,JPN,2024,192924049.34
Jordan,JOR,2018,801545.366
Jordan,JOR,2019,887554.081
Jordan,JOR,2020,942301.42
Jordan,JOR,2021,857254.908
Jordan,JOR,2022,1370196.339
Jordan,JOR,2023,1111540.898
Jordan,JOR,2024,854155.397
Kazakhstan,KAZ,2018,3229617.494
Kazakhstan,KAZ,2019,3135101.263
Kazakhstan,KAZ,2020,3187637.17
Kazakhstan,KAZ,2021,4619305.824
Kazakhstan,KAZ,2022,5326985.497
Kazakhstan,KAZ,2023,7962907.6
Kazakhstan,KAZ,2024,8625421.072
Kenya,KEN,2018,1104501.4
Kenya,KEN,2019,1406107.294
Kenya,KEN,2020,847724.165
Kenya,KEN,2021,1413585.198
Kenya,KEN,2022,1800183.474
Kenya,KEN,2023,1999144.576
Kenya,KEN,2024,2180948.525
Kuwait,KWT,2019,16913.725
Kuwait,KWT,2020,15571.558
Kuwait,KWT,2023,20911.735
Kuwait,KWT,2024,280137.855
Kyrgyzstan,KGZ,2018,66846.72
Kyrgyzstan,KGZ,2019,48619.681
Kyrgyzstan,KGZ,2020,23363.619
Kyrgyzstan,KGZ,2021,55581.698
Kyrgyzstan,KGZ,2022,169427.1
Kyrgyzstan,KGZ,2023,250550.483
Kyrgyzstan,KGZ,2024,1584019.196
Lao People's Dem. Rep.,LAO,2018,244605.097
Lao People's Dem. Rep.,LAO,2019,277692.728
Lao People's Dem. Rep.,LAO,2020,205892.251
Lao People's Dem. Rep.,LAO,2021,103220.112
Lao People's Dem. Rep.,LAO,2022,225536.69
Lao People's Dem. Rep.,LAO,2023,422826.85
Lao People's Dem. Rep.,LAO,2024,910799.328
Latvia,LVA,2018,40791739.543
Latvia,LVA,2019,46018473.045
Latvia,LVA,2020,53246909.119
Latvia,LVA,2021,51594318.625
Latvia,LVA,2022,80003061.382
Latvia,LVA,2023,97624215.52
Latvia,LVA,2024,85969636.053
Lebanon,LBN,2018,2570558.953
Lebanon,LBN,2019,2124264.4
Lebanon,LBN,2020,924920.624
Lebanon,LBN,2021,954492.719
Lebanon,LBN,2022,1807550.602
Lebanon,LBN,2023,2467251.712
Lebanon,LBN,2024,2854254.319
Liberia,LBR,2021,1810.775
Liberia,LBR,2022,22593.158
Liberia,LBR,2023,25699.593
Liberia,LBR,2024,20434.61
Libya,LBY,2018,8206.449
Libya,LBY,2019,1913.262
Libya,LBY,2020,54825.408
Libya,LBY,2021,27988.367
Libya,LBY,2022,12941.968
Libya,LBY,2024,47622.775
Lithuania,LTU,2018,25938829.123
Lithuania,LTU,2019,24614854.23
Lithuania,LTU,2020,25373978.942
Lithuania,LTU,2021,32941172.17
Lithuania,LTU,2022,39282516.458
Lithuania,LTU,2023,43452098.642
Lithuania,LTU,2024,40347484.835
Luxembourg,LUX,2018,14566266.903
Luxembourg,LUX,2019,13619691.673
Luxembourg,LUX,2020,13089188.093
Luxembourg,LUX,2021,17929065.74
Luxembourg,LUX,2022,16175131.288
Luxembourg,LUX,2023,16635010.638
Luxembourg,LUX,2024,17640624.587
Madagascar,MDG,2018,36226.945
Madagascar,MDG,2019,54585.609
Madagascar,MDG,2020,31028.897
Madagascar,MDG,2021,21251.478
Madagascar,MDG,2022,52091.157
Madagascar,MDG,2023,60222.337
Madagascar,MDG,2024,73146.914
Malawi,MWI,2024,20966.931
Malaysia,MYS,2018,4150655.329
Malaysia,MYS,2019,3838494.125
Malaysia,MYS,2020,3798027.855
Malaysia,MYS,2021,3878718.786
Malaysia,MYS,2022,6252211.925
Malaysia,MYS,2023,5703480.042
Malaysia,MYS,2024,4614256.786
Maldives,MDV,2018,1581633.978
Maldives,MDV,2019,1969474.936
Maldives,MDV,2020,536965.757
Maldives,MDV,2021,2365655.666
Maldives,MDV,2022,2536327.649
Maldives,MDV,2023,1770528.708
Maldives,MDV,2024,2331129.97
Mali,MLI,2019,1468.812
Mali,MLI,2020,7071.335
Mali,MLI,2021,18246.135
Mali,MLI,2022,7312.37
Mali,MLI,2023,8645.824
Mali,MLI,2024,13689.439
Malta,MLT,2018,15558395.806
Malta,MLT,2019,15516678.738
Malta,MLT,2020,14068765.08
Malta,MLT,2021,18624485.108
Malta,MLT,2022,17954506.521
Malta,MLT,2023,18054786.619
Malta,MLT,2024,19559900.91
Mauritius,MUS,2018,650558.035
Mauritius,MUS,2019,615076.082
Mauritius,MUS,2020,324878.235
Mauritius,MUS,2021,634626.516
Mauritius,MUS,2022,1328158.638
Mauritius,MUS,2023,1447039.088
Mauritius,MUS,2024,1397884.112
Mexico,MEX,2018,42272560.202
Mexico,MEX,2019,41335937.266
Mexico,MEX,2020,45395443.535
Mexico,MEX,2021,45418700.416
Mexico,MEX,2022,57613823.786
Mexico,MEX,2023,55936474.786
Mexico,MEX,2024,59502853.602
Mongolia,MNG,2018,641654.823
Mongolia,MNG,2019,691152.018
Mongolia,MNG,2020,415086.591
Mongolia,MNG,2021,1214009.598
Mongolia,MNG,2022,2583581.1
Mongolia,MNG,2023,1812984.721
Mongolia,MNG,2024,1852086.578
Montenegro,MNE,2018,1129981.663
Montenegro,MNE,2019,1156321.987
Montenegro,MNE,2020,666932.813
Montenegro,MNE,2021,1408656.719
Montenegro,MNE,2022,1997039.332
Montenegro,MNE,2023,2682934.527
Montenegro,MNE,2024,3027321.354
Morocco,MAR,2018,361082.59
Morocco,MAR,2019,542003.821
Morocco,MAR,2020,304744.746
Morocco,MAR,2021,442642.926
Morocco,MAR,2022,494946.546
Morocco,MAR,2023,892435.868
Morocco,MAR,2024,1148994.937
Mozambique,MOZ,2018,177604.853
Mozambique,MOZ,2019,267908.114
Mozambique,MOZ,2020,536463.191
Mozambique,MOZ,2021,423347.701
Mozambique,MOZ,2022,589271.271
Mozambique,MOZ,2023,835901.738
Mozambique,MOZ,2024,746789.076
Myanmar,MMR,2018,248700.646
Myanmar,MMR,2019,345944.332
Myanmar,MMR,2020,149754.46
Myanmar,MMR,2021,125251.016
Myanmar,MMR,2022,126936.588
Myanmar,MMR,2023,246371.38
Myanmar,MMR,2024,122288.06
Namibia,NAM,2020,13504.183
Namibia,NAM,2022,18756.902
Namibia,NAM,2023,57993.842
Namibia,NAM,2024,69067.537
Nepal,NPL,2018,159887
Nepal,NPL,2019,118210.232
Nepal,NPL,2020,101229.405
Nepal,NPL,2021,218931.145
Nepal,NPL,2022,378514.118
Nepal,NPL,2023,394646.827
Nepal,NPL,2024,296022.592
Netherlands,NLD,2018,181311818.02
Netherlands,NLD,2019,184432509.492
Netherlands,NLD,2020,222112419.875
Netherlands,NLD,2021,268261835.952
Netherlands,NLD,2022,244217563.47
Netherlands,NLD,2023,260245350.815
Netherlands,NLD,2024,257730394.269
New Caledonia,NCL,2018,149685.92
New Caledonia,NCL,2019,93952.449
New Caledonia,NCL,2020,96588.663
New Caledonia,NCL,2021,59834.832
New Caledonia,NCL,2022,112730.962
New Caledonia,NCL,2023,181971.021
New Caledonia,NCL,2024,88525.528
New Zealand,NZL,2018,7770210.843
New Zealand,NZL,2019,8474395.134
New Zealand,NZL,2020,9698682.065
New Zealand,NZL,2021,13749249.657
New Zealand,NZL,2022,11344434.973
New Zealand,NZL,2023,10049322.448
New Zealand,NZL,2024,10585798.814
Nicaragua,NIC,2018,220419.159
Nicaragua,NIC,2019,195441.514
Nicaragua,NIC,2020,203597.579
Nicaragua,NIC,2021,313490.05
Nicaragua,NIC,2022,236255.672
Nicaragua,NIC,2023,249467.052
Nicaragua,NIC,2024,236403.744
Niger,NER,2021,1215.857
Niger,NER,2022,2936.953
Niger,NER,2023,32726.757
Niger,NER,2024,7719.695
Nigeria,NGA,2018,3646519.056
Nigeria,NGA,2019,4137688.375
Nigeria,NGA,2020,3130525.086
Nigeria,NGA,2021,6157262.079
Nigeria,NGA,2022,6804848.687
Nigeria,NGA,2023,3469402.826
Nigeria,NGA,2024,2396827.541
North Macedonia,MKD,2018,189649.403
North Macedonia,MKD,2019,248186.63
North Macedonia,MKD,2020,248758.867
North Macedonia,MKD,2021,409472.975
North Macedonia,MKD,2022,413083.598
North Macedonia,MKD,2023,417099.37
North Macedonia,MKD,2024,729022.356
Norway,NOR,2018,110746934.992
Norway,NOR,2019,106155307.162
Norway,NOR,2020,140156199.564
Norway,NOR,2021,138798666.477
Norway,NOR,2022,116361874.668
Norway,NOR,2023,111989624.944
Norway,NOR,2024,96616862.347
Oman,OMN,2018,35266.829
Oman,OMN,2019,67088.421
Oman,OMN,2020,25251.669
Oman,OMN,2022,6767.944
Oman,OMN,2023,13880.245
Oman,OMN,2024,62911.271
"Other Africa, nes",F19,2020,8687.543
"Other Asia, nes",S19,2018,14810527.162
"Other Asia, nes",S19,2019,14398815.658
"Other Asia, nes",S19,2020,19091171.079
"Other Asia, nes",S19,2021,23609192.637
"Other Asia, nes",S19,2022,23533770.878
"Other Asia, nes",S19,2023,20808203.64
"Other Asia, nes",S19,2024,18275562.438
"Other Europe, nes",E19,2018,197762.557
"Other Europe, nes",E19,2019,207618.545
"Other Europe, nes",E19,2020,74948.617
"Other Europe, nes",E19,2021,80120.011
"Other Europe, nes",E19,2022,229246.581
"Other Europe, nes",E19,2023,78020.019
"Other Europe, nes",E19,2024,215505.972
Pakistan,PAK,2018,306716.192
Pakistan,PAK,2019,251219.413
Pakistan,PAK,2020,370333.067
Pakistan,PAK,2021,152963.804
Pakistan,PAK,2022,57713.383
Pakistan,PAK,2023,74278.829
Pakistan,PAK,2024,11891.285
Palau,PLW,2018,3911.32
Panama,PAN,2018,2304101.483
Panama,PAN,2019,2305828.33
Panama,PAN,2020,2048092.207
Panama,PAN,2021,3364172.345
Panama,PAN,2022,3860225.652
Panama,PAN,2023,3350122.678
Panama,PAN,2024,3786946.899
Papua New Guinea,PNG,2018,2338.289
Paraguay,PRY,2018,2655292.402
Paraguay,PRY,2019,1241204.076
Paraguay,PRY,2020,711581.255
Paraguay,PRY,2021,1157621.271
Paraguay,PRY,2022,1691917.438
Paraguay,PRY,2023,1826286.487
Paraguay,PRY,2024,2039934.938
Peru,PER,2018,4398361.611
Peru,PER,2019,4926824.238
Peru,PER,2020,4194884.997
Peru,PER,2021,5526721.931
Peru,PER,2022,10400392.672
Peru,PER,2023,9583150.783
Peru,PER,2024,7362531.123
Philippines,PHL,2018,2950289.988
Philippines,PHL,2019,3135475.183
Philippines,PHL,2020,2733993.469
Philippines,PHL,2021,3117207.889
Philippines,PHL,2022,4594490.135
Philippines,PHL,2023,5822423.915
Philippines,PHL,2024,4898905.742
Poland,POL,2018,76263544.669
Poland,POL,2019,84804210.679
Poland,POL,2020,88542771.215
Poland,POL,2021,109704842.089
Poland,POL,2022,113374101.912
Poland,POL,2023,135852580.032
Poland,POL,2024,129305329.26
Portugal,PRT,2018,14561840.688
Portugal,PRT,2019,14578842.486
Portugal,PRT,2020,13152167.638
Portugal,PRT,2021,18861942.698
Portugal,PRT,2022,18514749.453
Portugal,PRT,2023,22360697.775
Portugal,PRT,2024,20433727.016
Qatar,QAT,2018,671754.978
Qatar,QAT,2019,782051.533
Qatar,QAT,2020,1002627.644
Qatar,QAT,2021,722711.101
Qatar,QAT,2022,2208698.947
Qatar,QAT,2023,381622.947
Qatar,QAT,2024,333354.186
Rep. of Korea,KOR,2018,34236808.309
Rep. of Korea,KOR,2019,37116613.413
Rep. of Korea,KOR,2020,48977037.812
Rep. of Korea,KOR,2021,88870112.209
Rep. of Korea,KOR,2022,79660515.193
Rep. of Korea,KOR,2023,55210615.918
Rep. of Korea,KOR,2024,52958330.38
Rep. of Moldova,MDA,2018,355117.592
Rep. of Moldova,MDA,2019,577388.524
Rep. of Moldova,MDA,2020,707854.269
Rep. of Moldova,MDA,2021,1356109.933
Rep. of Moldova,MDA,2022,1606369.873
Rep. of Moldova,MDA,2023,2757580.987
Rep. of Moldova,MDA,2024,5000614.585
Romania,ROU,2018,17281976.912
Romania,ROU,2019,18242083.421
Romania,ROU,2020,18914875.411
Romania,ROU,2021,29572992.701
Romania,ROU,2022,35413118.752
Romania,ROU,2023,39413032.688
Romania,ROU,2024,42310235.397
Russian Federation,RUS,2018,127631122.902
Russian Federation,RUS,2019,146362946.293
Russian Federation,RUS,2020,143683424.169
Russian Federation,RUS,2021,175736891.784
Russian Federation,RUS,2022,181060211.584
Russian Federation,RUS,2023,171491350.531
Russian Federation,RUS,2024,258784840.535
Rwanda,RWA,2018,39968.207
Rwanda,RWA,2019,30352.456
Rwanda,RWA,2020,21440.161
Rwanda,RWA,2021,132258.752
Rwanda,RWA,2022,298370.799
Rwanda,RWA,2023,269012.064
Rwanda,RWA,2024,284188.939
Saint Barthélemy,BLM,2018,25195.654
Saint Barthélemy,BLM,2019,95425.739
Saint Barthélemy,BLM,2020,74724.747
Saint Barthélemy,BLM,2021,53126.329
Saint Barthélemy,BLM,2022,32533.937
Saint Barthélemy,BLM,2024,21145.07
Saint Kitts and Nevis,KNA,2018,58293.07
Saint Kitts and Nevis,KNA,2019,62678.627
Saint Kitts and Nevis,KNA,2020,28807.325
Saint Kitts and Nevis,KNA,2021,64017.002
Saint Kitts and Nevis,KNA,2022,126064.664
Saint Kitts and Nevis,KNA,2023,177609.184
Saint Kitts and Nevis,KNA,2024,97416.747
Saint Lucia,LCA,2018,388967.276
Saint Lucia,LCA,2019,301028.026
Saint Lucia,LCA,2020,151141.086
Saint Lucia,LCA,2021,233893.993
Saint Lucia,LCA,2022,261658.364
Saint Lucia,LCA,2023,303606.172
Saint Lucia,LCA,2024,297704.431
Saint Vincent and the Grenadines,VCT,2018,90404.391
Saint Vincent and the Grenadines,VCT,2019,106770.965
Saint Vincent and the Grenadines,VCT,2020,124154.421
Saint Vincent and the Grenadines,VCT,2021,80959.757
Saint Vincent and the Grenadines,VCT,2022,86179.394
Saint Vincent and the Grenadines,VCT,2023,101353.795
Saint Vincent and the Grenadines,VCT,2024,52847.48
Samoa,WSM,2018,1360.459
Sao Tome and Principe,STP,2018,32622.673
Sao Tome and Principe,STP,2020,25411.577
Sao Tome and Principe,STP,2021,44679.198
Saudi Arabia,SAU,2018,16179.07
Saudi Arabia,SAU,2019,77464.142
Saudi Arabia,SAU,2020,46124.159
Saudi Arabia,SAU,2022,38674.264
Saudi Arabia,SAU,2023,20839.29
Saudi Arabia,SAU,2024,11549.678
Senegal,SEN,2018,80172.605
Senegal,SEN,2019,88860.867
Senegal,SEN,2020,112308.706
Senegal,SEN,2021,132379.392
Senegal,SEN,2022,159284.136
Senegal,SEN,2023,243750.385
Senegal,SEN,2024,198404.652
Serbia,SRB,2018,3834393.485
Serbia,SRB,2019,4337403.101
Serbia,SRB,2020,5562799.486
Serbia,SRB,2021,6409501.557
Serbia,SRB,2022,8708065.598
Serbia,SRB,2023,10023707.195
Serbia,SRB,2024,10242044.489
Seychelles,SYC,2018,497189.901
Seychelles,SYC,2019,595647.913
Seychelles,SYC,2020,308914.904
Seychelles,SYC,2021,707071.726
Seychelles,SYC,2022,781527.412
Seychelles,SYC,2023,951204.98
Seychelles,SYC,2024,995496.968
Sierra Leone,SLE,2018,39004.549
Sierra Leone,SLE,2019,36295.993
Sierra Leone,SLE,2020,66875.576
Sierra Leone,SLE,2021,58875.63
Sierra Leone,SLE,2022,157827.77
Sierra Leone,SLE,2023,97904.548
Sierra Leone,SLE,2024,145142.214
Singapore,SGP,2018,19433492.052
Singapore,SGP,2019,18090063.652
Singapore,SGP,2020,17378980.44
Singapore,SGP,2021,24197948.936
Singapore,SGP,2022,26002319.052
Singapore,SGP,2023,24315617.384
Singapore,SGP,2024,22794826.211
Sint Maarten,SXM,2018,862736.497
Sint Maarten,SXM,2019,982435.733
Sint Maarten,SXM,2020,477958.769
Sint Maarten,SXM,2021,899522.498
Sint Maarten,SXM,2022,467619.934
Sint Maarten,SXM,2024,979008.655
Slovakia,SVK,2018,16592199.395
Slovakia,SVK,2019,21176935.946
Slovakia,SVK,2020,23472824.54
Slovakia,SVK,2021,29445061.596
Slovakia,SVK,2022,29355184.821
Slovakia,SVK,2023,34476145.066
Slovakia,SVK,2024,37125378.189
Slovenia,SVN,2018,5395011.206
Slovenia,SVN,2019,5113740.598
Slovenia,SVN,2020,3254231.766
Slovenia,SVN,2021,3813406.683
Slovenia,SVN,2022,4697861.601
Slovenia,SVN,2023,4354539.05
Slovenia,SVN,2024,6752406.952
Somalia,SOM,2018,2368.994
Somalia,SOM,2020,2206.723
Somalia,SOM,2022,27968.972
Somalia,SOM,2023,12845.471
Somalia,SOM,2024,14695.399
South Africa,ZAF,2018,4302278.013
South Africa,ZAF,2019,5628681.116
South Africa,ZAF,2020,2336020.401
South Africa,ZAF,2021,4441482.001
South Africa,ZAF,2022,5198885.291
South Africa,ZAF,2023,6258753.648
South Africa,ZAF,2024,5439553.705
Spain,ESP,2018,55618842.575
Spain,ESP,2019,52751250.49
Spain,ESP,2020,43615440.72
Spain,ESP,2021,57543944.729
Spain,ESP,2022,61889328.643
Spain,ESP,2023,65017275.737
Spain,ESP,2024,64017575.885
Special Categories,XX,2018,13697.885
Special Categories,XX,2019,38505.928
Special Categories,XX,2020,67727.654
Special Categories,XX,2022,21571.701
Sri Lanka,LKA,2018,824053.168
Sri Lanka,LKA,2019,647550.03
Sri Lanka,LKA,2020,742326.887
Sri Lanka,LKA,2021,709307.105
Sri Lanka,LKA,2022,890705.388
Sri Lanka,LKA,2023,1460694.429
Sri Lanka,LKA,2024,1315621.733
Sudan,SDN,2018,15236.669
Sudan,SDN,2019,4710.945
Sudan,SDN,2020,16483.03
Sudan,SDN,2022,429221.569
Sudan,SDN,2023,6630.339
Suriname,SUR,2018,99093.85
Suriname,SUR,2019,151695.108
Suriname,SUR,2020,75488.876
Suriname,SUR,2021,113324.263
Suriname,SUR,2022,122027.275
Suriname,SUR,2023,181937.502
Suriname,SUR,2024,198832.185
Sweden,SWE,2018,208561364.369
Sweden,SWE,2019,201912332.274
Sweden,SWE,2020,212784853.282
Sweden,SWE,2021,229341594.54
Sweden,SWE,2022,206528487.555
Sweden,SWE,2023,208744943.814
Sweden,SWE,2024,186688071.864
Switzerland,CHE,2018,443833385.699
Switzerland,CHE,2019,426872098.57
Switzerland,CHE,2020,436314631.026
Switzerland,CHE,2021,491161580.987
Switzerland,CHE,2022,449218150.123
Switzerland,CHE,2023,454498350.826
Switzerland,CHE,2024,430862188.992
Tajikistan,TJK,2018,4767.511
Tajikistan,TJK,2019,4782.594
Tajikistan,TJK,2020,2913.742
Tajikistan,TJK,2021,27640.641
Tajikistan,TJK,2023,72728.29
Tajikistan,TJK,2024,97930.206
Thailand,THA,2018,11929500.126
Thailand,THA,2019,12306847.203
Thailand,THA,2020,13842073.44
Thailand,THA,2021,12291835.651
Thailand,THA,2022,25616701.068
Thailand,THA,2023,19831648.317
Thailand,THA,2024,22682978.129
Timor-Leste,TLS,2019,17032.394
Timor-Leste,TLS,2020,11175.246
Togo,TGO,2018,83950.477
Togo,TGO,2019,82775.15
Togo,TGO,2020,116629.634
Togo,TGO,2021,116939.9
Togo,TGO,2022,195777.536
Togo,TGO,2023,162729.846
Togo,TGO,2024,176297.634
Tonga,TON,2018,1818.669
Tonga,TON,2019,5053.518
Tonga,TON,2020,2468.286
Tonga,TON,2021,1609.71
Tonga,TON,2022,1595.369
Tonga,TON,2023,1648.935
Tonga,TON,2024,1900.845
Trinidad and Tobago,TTO,2018,829889.443
Trinidad and Tobago,TTO,2019,999032.633
Trinidad and Tobago,TTO,2020,664834.599
Trinidad and Tobago,TTO,2021,670794.715
Trinidad and Tobago,TTO,2022,989578.23
Trinidad and Tobago,TTO,2023,810308.11
Trinidad and Tobago,TTO,2024,837085.513
Tunisia,TUN,2018,1843.469
Tunisia,TUN,2019,13287.596
Tunisia,TUN,2020,1629.914
Tunisia,TUN,2021,29782.584
Tunisia,TUN,2022,26082.962
Tunisia,TUN,2023,26726.798
Tunisia,TUN,2024,35056.658
Turkmenistan,TKM,2019,6915.282
Turkmenistan,TKM,2020,33966.625
Turkmenistan,TKM,2021,9375.582
Turkmenistan,TKM,2022,7710.422
Turkmenistan,TKM,2023,173117.594
Turkmenistan,TKM,2024,83769.223
Turks and Caicos Isds,TCA,2018,589702.294
Turks and Caicos Isds,TCA,2019,683653.466
Turks and Caicos Isds,TCA,2020,417906.672
Turks and Caicos Isds,TCA,2021,906824.737
Turks and Caicos Isds,TCA,2022,1188181.095
Turks and Caicos Isds,TCA,2023,1292174.389
Turks and Caicos Isds,TCA,2024,1277722.19
Tuvalu,TUV,2022,196573.641
Türkiye,TUR,2018,3846849.007
Türkiye,TUR,2019,4253174.812
Türkiye,TUR,2020,3382210.259
Türkiye,TUR,2021,6925909.631
Türkiye,TUR,2022,11906821.912
Türkiye,TUR,2023,17443540.062
Türkiye,TUR,2024,12393437.679
USA,USA,2018,1727172943.171
USA,USA,2019,1724039139.944
USA,USA,2020,1659680265.498
USA,USA,2021,2032989308.646
USA,USA,2022,1958722356.567
USA,USA,2023,1903865154.49
USA,USA,2024,2030915066.945
Uganda,UGA,2018,257490.486
Uganda,UGA,2019,196514.015
Uganda,UGA,2020,123913.417
Uganda,UGA,2021,97241.36
Uganda,UGA,2022,152110.769
Uganda,UGA,2023,267128.494
Uganda,UGA,2024,345203.557
Ukraine,UKR,2018,27868721.712
Ukraine,UKR,2019,36390008.401
Ukraine,UKR,2020,48752356.437
Ukraine,UKR,2021,65701223.038
Ukraine,UKR,2022,37585448.559
Ukraine,UKR,2023,62897883.278
Ukraine,UKR,2024,73364691.093
United Arab Emirates,ARE,2018,14082350.925
United Arab Emirates,ARE,2019,14009377.932
United Arab Emirates,ARE,2020,9052934.703
United Arab Emirates,ARE,2021,18864780.092
United Arab Emirates,ARE,2022,23024762.974
United Arab Emirates,ARE,2023,22261693.577
United Arab Emirates,ARE,2024,29017715.729
United Kingdom,GBR,2018,958384833.608
United Kingdom,GBR,2019,854181006.282
United Kingdom,GBR,2020,806950978.361
United Kingdom,GBR,2021,877216164.886
United Kingdom,GBR,2022,854083328.308
United Kingdom,GBR,2023,911644751.209
United Kingdom,GBR,2024,890539759.529
United Rep. of Tanzania,TZA,2018,127398.956
United Rep. of Tanzania,TZA,2019,85015.312
United Rep. of Tanzania,TZA,2020,42562.792
United Rep. of Tanzania,TZA,2021,340365.458
United Rep. of Tanzania,TZA,2022,643494.851
United Rep. of Tanzania,TZA,2023,473101.516
United Rep. of Tanzania,TZA,2024,576979.885
Uruguay,URY,2018,532544.121
Uruguay,URY,2019,621315.173
Uruguay,URY,2020,765401.53
Uruguay,URY,2021,1155476.963
Uruguay,URY,2022,1184062.622
Uruguay,URY,2023,1918314.341
Uruguay,URY,2024,2859776.62
Uzbekistan,UZB,2018,1166774.285
Uzbekistan,UZB,2019,256356.895
Uzbekistan,UZB,2020,82974.828
Uzbekistan,UZB,2021,127692.192
Uzbekistan,UZB,2022,365933.346
Uzbekistan,UZB,2023,353688.372
Uzbekistan,UZB,2024,421479.426
Vanuatu,VUT,2018,5968.542
Vanuatu,VUT,2020,15597.829
Vanuatu,VUT,2023,1334.285
Venezuela,VEN,2018,407272.063
Venezuela,VEN,2019,1423495.695
Venezuela,VEN,2020,1970170.454
Venezuela,VEN,2021,3113974.277
Venezuela,VEN,2022,3670045.069
Venezuela,VEN,2023,3147088.544
Venezuela,VEN,2024,2701235.228
Viet Nam,VNM,2018,13557710.93
Viet Nam,VNM,2019,13063739.739
Viet Nam,VNM,2020,12638551.794
Viet Nam,VNM,2021,15185256.063
Viet Nam,VNM,2022,25970385.353
Viet Nam,VNM,2023,17630278.396
Viet Nam,VNM,2024,13803479.236
Zambia,ZMB,2018,85537.679
Zambia,ZMB,2019,70752.613
Zambia,ZMB,2020,31314.446
Zambia,ZMB,2021,74070.295
Zambia,ZMB,2022,189884.676
Zambia,ZMB,2023,120021.898
Zambia,ZMB,2024,156634.259
Zimbabwe,ZWE,2018,51437.632
Zimbabwe,ZWE,2019,13129.743
Zimbabwe,ZWE,2020,30053.461
Zimbabwe,ZWE,2021,32979.531
Zimbabwe,ZWE,2022,111411.492
Zimbabwe,ZWE,2023,20304.062
Zimbabwe,ZWE,2024,41773.537
