country_name,country_code,year,total_imports_usd,italian_exports_usd,italian_market_share_pct
Albania,ALB,2018,9740335.905,10228394.937,105.01070021362884
Albania,ALB,2019,10583282.929,9849167.032,93.06343880320541
Albania,ALB,2020,10054419.091,10295386.957,102.3966363826598
Albania,ALB,2021,15906670.689,14254982.317,89.61637916385483
Albania,ALB,2022,498619.114,15226214.425,3053.676443097607
Albania,ALB,2023,20202083.198,17116000.009,84.72393584981613
Albania,ALB,2024,24023449.014,20146656.421,83.86246458307987
Andorra,AND,2018,17447125.452,41901.429,0.24016236436929356
Andorra,AND,2019,16354867.743,41384.217,0.2530391419258816
Andorra,AND,2020,13037920.583,37121.37,0.28471848531124005
Andorra,AND,2021,16368220.037,34379.895,0.2100405231740837
Andorra,AND,2022,18041656.11,107155.069,0.5939314459087093
Andorra,AND,2023,19604600.263,215116.229,1.097274242341944
Angola,AGO,2018,62449000.903,1927169.309,3.0859890168513813
Angola,AGO,2019,56184904.938,1070538.684,1.9053848808346985
Angola,AGO,2020,38404034.507,716510.973,1.8657179699945319
Angola,AGO,2021,34133234.624,1448056.165,4.242364314285739
Angola,AGO,2022,61216208.293,2364413.248,3.8623974171728763
Angola,AGO,2023,59154135.682,633504.472,1.070938599129543
Angola,AGO,2024,50869267.77,1153202.156,2.2669918529476014
Antigua and Barbuda,ATG,2018,4762857.811,475194.632,9.977090454023633
Antigua and Barbuda,ATG,2019,4313225.745,416029.71,9.645442520189725
Antigua and Barbuda,ATG,2020,3337642.745,235637.319,7.059992246114405
Antigua and Barbuda,ATG,2021,4576360.466,538793.8,11.773412605999033
Antigua and Barbuda,ATG,2022,5809852.483,691603.377,11.903974825930188
Antigua and Barbuda,ATG,2023,4462086.096,477000.57,10.690079925342616
Antigua and Barbuda,ATG,2024,5236364.998,643131.185,12.282015964235503
Argentina,ARG,2018,10794555.57,797236.064,7.385538559972414
Argentina,ARG,2019,4561845.63,223289.601,4.894720670326584
Argentina,ARG,2020,4896975.58,493303.03,10.073626505607365
Argentina,ARG,2021,6921093.46,454244.426,6.563188730585353
Argentina,ARG,2022,7739474.18,545108.517,7.043224181930148
Argentina,ARG,2023,7140651.79,499308.223,6.992474044165651
Argentina,ARG,2024,10104215.08,702019.665,6.947790198860257
Armenia,ARM,2018,1519278.13,273089.708,17.974964728808413
Armenia,ARM,2019,1509186.4,217615.868,14.419416183448247
Armenia,ARM,2020,1596796.13,169471.047,10.613192493145634
Armenia,ARM,2021,2548869.8,512305.148,20.099306288614667
Armenia,ARM,2022,4533313.42,784209.527,17.298815553767735
Armenia,ARM,2023,8409990.03,1671495.315,19.875116486909796
Armenia,ARM,2024,7780906.38,1749082.111,22.479156355046648
Aruba,ABW,2018,11684985.101,1277205.294,10.930311703099193
Aruba,ABW,2019,12848009.086,1213878.806,9.447991497162926
Aruba,ABW,2020,6985347.821,577381.22,8.265604445124737
Aruba,ABW,2021,11585251.233,1195511.54,10.319254334292262
Aruba,ABW,2022,14709914.318,1488729.599,10.120586475329054
Aruba,ABW,2023,13865469.637,1344984.63,9.700245755909407
Australia,AUS,2018,644503395.896,72923075.746,11.314614664616476
Australia,AUS,2019,603352749.892,71062232.598,11.777891558581631
Australia,AUS,2020,619984347.362,74356707.175,11.993320071931459
Australia,AUS,2021,757784684.901,87860484.867,11.59438645536607
Australia,AUS,2022,776940851.796,86612299.968,11.147862770735298
Australia,AUS,2023,678454810.059,78967124.436,11.639260753289204
Australia,AUS,2024,631388758.138,75674582.732,11.98541813686523
Austria,AUT,2018,255996855.512,125646595.838,49.08130437254931
Austria,AUT,2019,266515879.819,119664996.932,44.899762450653434
Austria,AUT,2020,230624239.68,123873356.069,53.712201389099015
Austria,AUT,2021,267530328.811,136138419.769,50.88709768871723
Austria,AUT,2022,276648714.923,144202571.268,52.12479346167797
Austria,AUT,2023,332896619.807,152544604.884,45.823416582733465
Austria,AUT,2024,324064980.319,173098603.282,53.41478215622276
Azerbaijan,AZE,2018,2537931.85,347170.952,13.679285832675136
Azerbaijan,AZE,2019,3178095.04,554651.051,17.45231165270627
Azerbaijan,AZE,2020,2821208.97,463556.82,16.43114086653425
Azerbaijan,AZE,2021,3754629.07,905883.275,24.127104385307497
Azerbaijan,AZE,2022,4422275.42,1161891.736,26.27361766626467
Azerbaijan,AZE,2023,6551306.49,1570142.601,23.96686223422284
Azerbaijan,AZE,2024,6117272.03,1795825.122,29.35663336848533
Bahamas,BHS,2018,19272833.89,1954794.185,10.142743906563084
Bahamas,BHS,2019,20296902.558,1877218.561,9.248793285752347
Bahamas,BHS,2020,7939787,854575.056,10.76319876087356
Bahamas,BHS,2021,18752988,1490671.481,7.9489811490307565
Bahamas,BHS,2022,26864185,2358180.253,8.778156690776214
Bahamas,BHS,2023,24919930,2459704.457,9.870430843906865
Bahamas,BHS,2024,22891959,1863562.905,8.14068776289526
Bahrain,BHR,2018,5349886.252,339572.694,6.347288110528597
Bahrain,BHR,2019,6238701.33,344476.639,5.521608116476383
Bahrain,BHR,2020,7247065.88,321453.931,4.435642456171517
Bahrain,BHR,2021,4826649.001,538211.892,11.15083967963056
Bahrain,BHR,2022,8945019.228,661008.102,7.3896778212716425
Bahrain,BHR,2023,7855407.037,629005.313,8.007291156744676
Bahrain,BHR,2024,8383463.302,594323.264,7.089233203397161
Bangladesh,BGD,2018,819917.109,78170.888,9.533998881343017
Barbados,BRB,2018,10954675,925314.069,8.446750533448048
Barbados,BRB,2019,10171617,952441.523,9.363717912304406
Barbados,BRB,2020,7752571,374802.48,4.834557206893042
Barbados,BRB,2021,8034811.5,1409625.384,17.54397578586629
Barbados,BRB,2022,14819781.5,1394742.903,9.411359425238489
Barbados,BRB,2023,12882350,1207651.621,9.374466778188763
Barbados,BRB,2024,11870346.5,1230375.006,10.365114497710746
Belarus,BLR,2018,58984000,3226278.937,5.469752707513902
Belarus,BLR,2019,76145000,6092750.596,8.001511059163438
Belarus,BLR,2020,80713500,8109312.904,10.047034144226183
Belarus,BLR,2021,83503200,9753216.043,11.680050636382797
Belgium,BEL,2018,1110544357.865,157831235.581,14.21206046054995
Belgium,BEL,2019,1075488929.639,156620716.133,14.562745539888683
Belgium,BEL,2020,1107611101.322,183567036.429,16.57323912787636
Belgium,BEL,2021,1262872951.268,258741720.283,20.488341287475343
Belgium,BEL,2022,1105437767.751,252004214.676,22.796779884651453
Belgium,BEL,2023,1052695926.871,254494991.29,24.17554630865276
Belgium,BEL,2024,1035183250.603,242935030.09,23.467828517172105
Belize,BLZ,2018,2410935.09,177652.091,7.368597011875587
Belize,BLZ,2019,2530501.815,170688.903,6.745259062380874
Belize,BLZ,2020,1520230.13,115990.004,7.629766159153813
Belize,BLZ,2021,1411944.91,131498.25,9.313270586456522
Belize,BLZ,2022,3736606.46,297544.156,7.962951388785
Belize,BLZ,2023,2863173.085,194810.005,6.803989811883832
Belize,BLZ,2024,2561136.29,245133.59,9.571282518510563
Benin,BEN,2018,1537464.767,96008.017,6.2445669689938335
Benin,BEN,2019,2232212.582,56170.851,2.51637552144216
Benin,BEN,2020,2444673.766,53024.165,2.1689669082823544
Benin,BEN,2021,2762335.549,77607.871,2.8095019458477815
Benin,BEN,2022,2926707.703,97140.577,3.319107572663535
Benin,BEN,2023,2719619.579,182045.629,6.693790205280766
Benin,BEN,2024,3065283.415,143654.232,4.686491020602738
Bermuda,BMU,2018,15015695.5,2027936.571,13.505445492018668
Bermuda,BMU,2019,14458197.73,1928135.5,13.335932569238699
Bermuda,BMU,2020,13031358.85,1905708.338,14.624018568869355
Bermuda,BMU,2021,15899374.49,1918364.57,12.065660640967769
Bermuda,BMU,2022,17077814.55,2069062.593,12.115499831329414
Bermuda,BMU,2023,17267536.03,2080161.871,12.046662982987272
Bermuda,BMU,2024,15787167.92,2086810.578,13.218397299469531
Bhutan,BTN,2018,298057.857,30284.384,10.16057228110581
Bhutan,BTN,2019,376761.475,0,0
Bhutan,BTN,2020,207223.88,0,0
Bhutan,BTN,2022,318270.279,53724.435,16.880129419813024
Bhutan,BTN,2023,211924.993,75580.677,35.663880852410834
Bolivia (Plurinational State of),BOL,2018,2620052.82,25737.711,0.9823355774941972
Bolivia (Plurinational State of),BOL,2019,1641188.17,23889.461,1.4556198635041344
Bolivia (Plurinational State of),BOL,2020,1491724.5,15241.463,1.0217344422512333
Bolivia (Plurinational State of),BOL,2021,1498965.56,0,0
Bolivia (Plurinational State of),BOL,2022,2527872,0,0
Bolivia (Plurinational State of),BOL,2023,1948924,3353.014,0.17204436909802537
Bolivia (Plurinational State of),BOL,2024,1732267,3233.742,0.18667688064253374
Bosnia Herzegovina,BIH,2018,18182837.43,181158.344,0.9963150399238874
Bosnia Herzegovina,BIH,2019,19202480.31,257814.512,1.342610474469483
Bosnia Herzegovina,BIH,2020,15783737.68,111099.121,0.7038834733092194
Bosnia Herzegovina,BIH,2021,20215082.7,259892.99,1.2856390144770469
Bosnia Herzegovina,BIH,2022,21202903.16,315399.648,1.4875304840094359
Bosnia Herzegovina,BIH,2023,23479840.691,405829.307,1.728415930673488
Bosnia Herzegovina,BIH,2024,25909348.262,601373.115,2.3210661608266125
Botswana,BWA,2018,9997924.538,49636.678,0.49646982042464377
Botswana,BWA,2019,11442187.988,7008.202,0.06124879269026043
Botswana,BWA,2020,9325528.343,20080.948,0.21533308635615606
Botswana,BWA,2021,12355228.928,21273.95,0.17218580184935284
Botswana,BWA,2022,14889029.793,18200.893,0.12224364685304784
Botswana,BWA,2023,14656746.356,81941.78,0.5590721024278057
Brazil,BRA,2018,392568035,41677700.682,10.616682196756035
Brazil,BRA,2019,388142133,39293238.934,10.123415005296527
Brazil,BRA,2020,438832872,39637213.171,9.032416598681786
Brazil,BRA,2021,497537333,42216640.371,8.485120124844983
Brazil,BRA,2022,485598603,37876047.859,7.799867550072008
Brazil,BRA,2023,490069386,39763344.258,8.113819265992674
Brazil,BRA,2024,544250604,43288854.242,7.953845879792537
Brunei Darussalam,BRN,2018,186070.843,0,0
Brunei Darussalam,BRN,2019,123289.49,6087.956,4.937935910027692
Brunei Darussalam,BRN,2020,209768.73,0,0
Brunei Darussalam,BRN,2021,223196.03,0,0
Brunei Darussalam,BRN,2022,129041.063,0,0
Brunei Darussalam,BRN,2023,114189.806,0,0
Brunei Darussalam,BRN,2024,35987.793,0,0
Bulgaria,BGR,2018,23360555.948,8275261.174,35.42407634655836
Bulgaria,BGR,2019,23260685.825,9677723.572,41.60549540460508
Bulgaria,BGR,2020,23061728.086,8416649.293,36.49617783027051
Bulgaria,BGR,2021,35697381.58,12254555.677,34.329004354386036
Bulgaria,BGR,2022,35673515.537,14781361.402,41.43511279865033
Bulgaria,BGR,2023,43681162.249,16439824.352,37.63595908526074
Bulgaria,BGR,2024,43322418.422,17602114.133,40.630497497945065
Burkina Faso,BFA,2018,3699345.431,64096.278,1.7326383598266362
Burkina Faso,BFA,2019,3391808.942,102741.809,3.029115458944975
Burkina Faso,BFA,2020,2932565.643,111595.976,3.8054041950050896
Burkina Faso,BFA,2021,5456504.073,92809.632,1.7008991610442072
Burkina Faso,BFA,2022,6163816.643,154217.919,2.5019874524518686
Burkina Faso,BFA,2023,3290396.359,99082.05,3.011249685132538
Burkina Faso,BFA,2024,2840780.868,120124.198,4.228562623507503
Burundi,BDI,2018,1001411.521,17341.129,1.7316686133871633
Burundi,BDI,2019,1017111.251,7953.078,0.7819280331606517
Burundi,BDI,2020,1302923.12,0,0
Burundi,BDI,2021,1445278.032,0,0
Burundi,BDI,2022,1910584.388,10492.577,0.5491815522989607
Burundi,BDI,2023,1581776.012,0,0
Cabo Verde,CPV,2018,5614814.18,95389.197,1.6988843075123816
Cabo Verde,CPV,2019,5764618.072,72540.489,1.258374589503941
Cabo Verde,CPV,2020,4010557.635,53927.642,1.3446419901655398
Cabo Verde,CPV,2021,3606465.74,27263.347,0.7559574654381715
Cabo Verde,CPV,2022,4445502.974,139711.121,3.14275171599514
Cabo Verde,CPV,2023,4943795.239,168925.515,3.416919731371585
Cabo Verde,CPV,2024,4389013.548,126496.494,2.8821167357216826
Cambodia,KHM,2018,2257902.49,938702.544,41.574095788343804
Cambodia,KHM,2019,2588101.49,1279043.889,49.42015967851399
Cambodia,KHM,2020,2305029.12,603433.569,26.17899981237547
Cambodia,KHM,2021,1925282.74,564305.508,29.31026681307079
Cambodia,KHM,2022,8384896.06,1137566.313,13.566850499515915
Cambodia,KHM,2023,3537869.71,797508.052,22.54204132350595
Cambodia,KHM,2024,5189332.39,932577.314,17.971046059741802
Cameroon,CMR,2018,16248568.351,110004.684,0.6770115472556687
Cameroon,CMR,2019,18926344.21,285228.225,1.5070434196652496
Cameroon,CMR,2020,15147542.56,665632.994,4.394329914330341
Cameroon,CMR,2021,20857802.55,922189.716,4.421317700123688
Cameroon,CMR,2022,19711439.845,1436929.084,7.2898230433658116
Cameroon,CMR,2023,19550884.454,1935935.775,9.902036808385507
Canada,CAN,2018,1996662585.973,393704986.042,19.718153122508795
Canada,CAN,2019,1948910866.07,382731640.065,19.638232139204113
Canada,CAN,2020,1973197232.687,395396296.556,20.038356531524695
Canada,CAN,2021,2246691371.139,453862637.627,20.201378945827628
Canada,CAN,2022,2269852546.534,450028296.237,19.82632294437717
Canada,CAN,2023,1994855347.258,420444182.733,21.07642457940199
Canada,CAN,2024,2012563282.382,468334860.201,23.27056566622318
Cayman Isds,CYM,2020,12367830.34,1710172.378,13.827586011339157
Cayman Isds,CYM,2021,19798913.343,1431416.191,7.229771483928859
Cayman Isds,CYM,2022,19240554.199,2396037.351,12.45305788086151
Cayman Isds,CYM,2023,18391636.988,2566512.172,13.954778324923295
Cayman Isds,CYM,2024,15152468.111,2263794.57,14.940104499257046
Central African Rep.,CAF,2018,438722,1404.154,0.3200555249109915
Central African Rep.,CAF,2019,798415.252,0,0
Central African Rep.,CAF,2020,822047.489,0,0
Central African Rep.,CAF,2021,811551.804,0,0
Central African Rep.,CAF,2022,325477.443,0,0
Central African Rep.,CAF,2023,637374.239,0,0
Central African Rep.,CAF,2024,501839.52,0,0
Chile,CHL,2018,11364647.99,2365832.31,20.8174710917729
Chile,CHL,2019,12387221.518,3264604.104,26.354611478095958
Chile,CHL,2020,13723364.666,2380141.148,17.343714212425347
Chile,CHL,2021,22913962.474,4751151.8,20.734745487128357
Chile,CHL,2022,17704246.69,6580212.354,37.16742355220763
Chile,CHL,2023,10685319.423,3612880.684,33.811630153267345
Chile,CHL,2024,11157682.078,3689551.109,33.0673618696738
China,CHN,2018,2856629091,149852945.367,5.245796377244833
China,CHN,2019,2434144606,149432929.492,6.139032542424064
China,CHN,2020,1825074464,111983766.179,6.135846420949101
China,CHN,2021,1689521020,149735779.55,8.862617142816017
China,CHN,2022,1434947479,117464882.031,8.186005672685669
China,CHN,2023,1160277727,108284908.872,9.332671510637383
China,CHN,2024,1591749689,93714542.107,5.8875175383809975
"China, Hong Kong SAR",HKG,2018,1538652672.579,34109624.287,2.216850163450302
"China, Hong Kong SAR",HKG,2019,1124313945.076,29843103.923,2.65433903525787
"China, Hong Kong SAR",HKG,2020,968173946.699,27335986.121,2.8234581414013826
"China, Hong Kong SAR",HKG,2021,1363866940.788,34888743.329,2.558075299401448
"China, Hong Kong SAR",HKG,2022,1019876582.192,28774812.865,2.821401468318341
"China, Hong Kong SAR",HKG,2023,968997967.902,27343102.481,2.821791519356969
"China, Hong Kong SAR",HKG,2024,828999930.094,23382180.058,2.8205285922459247
"China, Macao SAR",MAC,2018,118607318.728,108600.53,0.09156309337794881
"China, Macao SAR",MAC,2019,117550490.32,128980.025,0.10972308550043995
"China, Macao SAR",MAC,2020,85351182.252,162917.126,0.19087858152800505
"China, Macao SAR",MAC,2021,225962963.324,103559.559,0.04583032434899951
"China, Macao SAR",MAC,2022,368243788.11,107683.7,0.029242502786722704
"China, Macao SAR",MAC,2023,400819841.939,194906.238,0.04862689358319302
"China, Macao SAR",MAC,2024,230207641.959,123650.298,0.05371250795489323
Colombia,COL,2018,57184891.7,3236202.494,5.659191436398226
Colombia,COL,2019,65842256.53,3813631.8,5.792073359852693
Colombia,COL,2020,69605520.92,4509818.132,6.479109806797205
Colombia,COL,2021,77839368.72,6157587.333,7.910633698931672
Colombia,COL,2022,108404568.99,7880837.982,7.269839320819573
Colombia,COL,2023,74761403.61,7109846.129,9.510049016855262
Colombia,COL,2024,80714561.02,7921343.999,9.814021037712385
Comoros,COM,2018,125596.376,0,0
Comoros,COM,2019,170555.173,0,0
Comoros,COM,2020,121928.609,0,0
Comoros,COM,2021,35665.962,0,0
Comoros,COM,2022,41188.672,0,0
Comoros,COM,2023,54062.177,0,0
Congo,COG,2018,4067905.816,116114.94,2.8544156441207043
Congo,COG,2019,4079907.457,152395.928,3.7352790377274485
Congo,COG,2020,3009130.92,296582.613,9.856088714146077
Congo,COG,2021,4420084.28,230582.32,5.21669509885454
Congo,COG,2022,3526428.946,132598.83,3.7601446684586053
Congo,COG,2023,5864281.217,194511.575,3.3168868920564254
Costa Rica,CRI,2018,27601521.68,2762485.235,10.008452675280184
Costa Rica,CRI,2019,28570793.51,2514136.5,8.799673341659316
Costa Rica,CRI,2020,26361923.06,2809753.046,10.658376627550934
Costa Rica,CRI,2021,35126008.88,4128159.9,11.752430838649836
Costa Rica,CRI,2022,39974953.57,4317086.588,10.799478679669672
Costa Rica,CRI,2023,39586388.85,4057184.773,10.248938816756963
Costa Rica,CRI,2024,38388242.91,5092177.903,13.264941338780334
Croatia,HRV,2018,35967086,5292131.217,14.713817007582989
Croatia,HRV,2019,35806711,5627639.962,15.716718472132222
Croatia,HRV,2020,31321758,3480476.807,11.112009763308944
Croatia,HRV,2021,41747046,6553062.576,15.69706890398904
Croatia,HRV,2022,41997391,8629116.436,20.54679167093975
Croatia,HRV,2023,49343431,10995202.181,22.28301104761037
Croatia,HRV,2024,60461040,16257919.992,26.889911242016346
Cuba,CUB,2018,15388769.53,1015197.658,6.597003457754689
Cuba,CUB,2019,11761593.48,1133173.65,9.634524879021749
Cuba,CUB,2020,7861868.53,494761.615,6.293180979967366
Cuba,CUB,2021,5020419.97,100292.83,1.9976980132998714
Cuba,CUB,2022,14943222.07,439123.385,2.9386124554863153
Curaçao,CUW,2018,7607862.715,1392569.147,18.30434116870102
Curaçao,CUW,2019,7355847.56,519889.921,7.067709285155442
Curaçao,CUW,2020,4435249.667,363797.421,8.202411325495286
Cyprus,CYP,2018,30359408.022,7445194.588,24.523517002060206
Cyprus,CYP,2019,28998545.694,6990642.335,24.10687214720017
Cyprus,CYP,2020,22712060.325,4801563.545,21.14103025569522
Cyprus,CYP,2021,34892473.692,8725710.398,25.007428464438718
Cyprus,CYP,2022,38471745.885,11207747.155,29.13241106473897
Cyprus,CYP,2023,41340841.648,14244439.253,34.45609398639111
Cyprus,CYP,2024,42786296.096,12527541.578,29.27933175120333
Czechia,CZE,2018,263411476,57354485.945,21.773723307711922
Czechia,CZE,2019,256829436,59541119.033,23.18313662184735
Czechia,CZE,2020,269794046,65533203.098,24.290084999874313
Czechia,CZE,2021,294487808,79403401.996,26.96322219084873
Czechia,CZE,2022,284392639,82629245.67,29.054635858560317
Czechia,CZE,2023,307995715,105948063.561,34.399200508682405
Czechia,CZE,2024,316627987,110195299.949,34.802766803112704
Côte d'Ivoire,CIV,2018,41799326.603,622319.063,1.488825571068734
Côte d'Ivoire,CIV,2019,39914398.097,362984.562,0.9094075804873083
Côte d'Ivoire,CIV,2020,36641961.88,220479.236,0.6017124211909147
Côte d'Ivoire,CIV,2021,54262092.967,295899.153,0.5453146696349399
Côte d'Ivoire,CIV,2022,52732692.017,418147.709,0.7929572585924444
Côte d'Ivoire,CIV,2023,64122695.428,826010.293,1.2881715085222571
Côte d'Ivoire,CIV,2024,53419442.471,497178.964,0.9307078864963918
Dem. Rep. of the Congo,COD,2018,2165622.321,46918.121,2.1664960018668
Dem. Rep. of the Congo,COD,2019,2053541.056,11306.043,0.5505632802892448
Dem. Rep. of the Congo,COD,2020,1486647.308,23179.726,1.5591946977110458
Dem. Rep. of the Congo,COD,2021,2443306.799,413643.317,16.92965112565055
Dem. Rep. of the Congo,COD,2022,4814500.306,263110.518,5.46496004314513
Dem. Rep. of the Congo,COD,2023,7248185.11,1337534.689,18.45337375772402
Denmark,DNK,2018,749387687.829,171548296.177,22.89179539017793
Denmark,DNK,2019,732103614.623,166643263.396,22.76225114416539
Denmark,DNK,2020,777540550.24,175124912.739,22.52292985683447
Denmark,DNK,2021,1007325126.664,197314906.533,19.588006028049342
Denmark,DNK,2022,824863354.55,166673585.461,20.206205614738202
Denmark,DNK,2023,785397589.686,156573851.838,19.93561654557634
Denmark,DNK,2024,782564645.419,157916619.334,20.17937051698118
Djibouti,DJI,2021,1091010.319,7989.411,0.7322947236028847
Djibouti,DJI,2022,732206.606,50079.834,6.839576915808378
Djibouti,DJI,2023,399523.094,7308.295,1.8292547063624813
Dominica,DMA,2018,1053370.648,0,0
Dominica,DMA,2019,954158.826,26033.343,2.728407712700862
Dominica,DMA,2020,915398.344,27991.797,3.0578815423332246
Dominica,DMA,2021,642131.21,56582.296,8.811640848293296
Dominica,DMA,2022,760794.795,52181.719,6.858842797419505
Dominica,DMA,2023,718992.614,3255.7,0.4528141091585678
Dominican Rep.,DOM,2018,57879333.89,3477927.244,6.008927557130876
Dominican Rep.,DOM,2019,61893294.859,3290173.966,5.31588110391504
Dominican Rep.,DOM,2020,46936309.63,2949853.665,6.284801017067093
Dominican Rep.,DOM,2021,79027795.264,5173720.075,6.546709366896404
Dominican Rep.,DOM,2022,96885000.655,5197184.617,5.3642819650760725
Dominican Rep.,DOM,2023,79248155.218,5067715.719,6.394742824056232
Dominican Rep.,DOM,2024,93436605.783,5849785.241,6.260699639053369
Ecuador,ECU,2018,21928248.766,1154074.306,5.262957011822146
Ecuador,ECU,2019,22626139.522,1508535.637,6.667225027642081
Ecuador,ECU,2020,20174310.35,1448330.799,7.1790845579016285
Ecuador,ECU,2021,31958158.41,2873484.142,8.991394639000413
Ecuador,ECU,2022,38064452.4,4382946.355,11.514539363240651
Ecuador,ECU,2023,30267387.9,6700042.078,22.136175411423594
Ecuador,ECU,2024,30931386.739,7132788.72,23.060035362095764
Egypt,EGY,2019,625.523,197995.141,31652.735550891015
Egypt,EGY,2020,13629.629,176411.03,1294.320116857179
Egypt,EGY,2021,29496.82,375132.11,1271.771363828372
Egypt,EGY,2022,8083.693,186835.047,2311.2585670930353
Egypt,EGY,2023,14451.351,241759.769,1672.9215766747345
Egypt,EGY,2024,28427.958,225755.238,794.1310381843114
El Salvador,SLV,2018,5586550.36,477529.378,8.547839851568078
El Salvador,SLV,2019,5900185.91,501742.484,8.5038419408042
El Salvador,SLV,2020,5232919.73,385510.567,7.367026189794047
El Salvador,SLV,2021,7593381.83,808546.113,10.648037081522608
El Salvador,SLV,2022,9668005.87,963479.473,9.96564840728629
El Salvador,SLV,2023,9007521.54,631851.212,7.014706644820304
El Salvador,SLV,2024,8003949.97,683442.937,8.538820701799064
Estonia,EST,2018,87430281.431,17485174.219,19.998991119340392
Estonia,EST,2019,82989549.845,18458500.282,22.241957350624308
Estonia,EST,2020,75924411.86,16936770.121,22.307410365233217
Estonia,EST,2021,90642478.74,21661097.524,23.897291672851267
Estonia,EST,2022,94385632.29,24757409.174,26.23006126391443
Estonia,EST,2023,94189012.54,25045448.833,26.590626823233492
Estonia,EST,2024,108570265.98,23081626.455,21.25962043719403
Eswatini,SWZ,2018,4868761.348,0,0
Eswatini,SWZ,2019,4713397.08,0,0
Eswatini,SWZ,2020,4877374.98,0,0
Eswatini,SWZ,2021,6903058.71,0,0
Eswatini,SWZ,2022,8293986.31,0,0
Eswatini,SWZ,2023,6885042.46,0,0
Ethiopia,ETH,2018,1929056.775,190561.099,9.878459849892183
Ethiopia,ETH,2019,2117490.19,295041.947,13.933568542293932
Ethiopia,ETH,2020,1593241.45,288949.317,18.135940224251634
Ethiopia,ETH,2021,1454211.67,303791.58,20.890465003626332
Ethiopia,ETH,2022,1591448.986,193195.461,12.139594966570924
Ethiopia,ETH,2023,1895557.326,525154.868,27.70450995054739
Fiji,FJI,2018,8064052.283,117952.505,1.4626951917047735
Fiji,FJI,2019,5976938.949,147718.569,2.4714752862703198
Fiji,FJI,2020,2427753.031,20926.173,0.8619564153681823
Fiji,FJI,2021,3746341.163,25807.394,0.6888692961250202
Fiji,FJI,2022,10302238.117,283158.458,2.7485140101038104
Fiji,FJI,2023,8429532.497,156495.251,1.8565116280848948
Fiji,FJI,2024,8903644.08,193571.853,2.1740744717639253
Finland,FIN,2018,263573573.226,45919463.068,17.421876748101205
Finland,FIN,2019,241216945.778,45521613.912,18.871648409765978
Finland,FIN,2020,246751958.794,51458513.447,20.85434851196458
Finland,FIN,2021,250349785.114,55943064.323,22.34596059170796
Finland,FIN,2022,255574273.831,50158786.018,19.625913542130533
Finland,FIN,2023,250861592.453,51051805.951,20.35058673262818
Finland,FIN,2024,251796850.284,49453410.654,19.640202249639668
France,FRA,2018,1134344549.593,224913669.492,19.827632580656246
France,FRA,2019,989876579.944,231625750.874,23.399457626030884
France,FRA,2020,963767332.58,214783343.343,22.28580862644785
France,FRA,2021,997998235.744,273574060.831,27.41227900338447
France,FRA,2022,1085031837.394,302368956.998,27.86728891976309
France,FRA,2023,1079685101.274,341897583.127,31.666416691641835
France,FRA,2024,988100415.744,313332801.44,31.71062337870519
French Polynesia,PYF,2018,12966579.3,49180.829,0.3792891545420926
French Polynesia,PYF,2019,13142488.145,40009.445,0.3044282373214193
French Polynesia,PYF,2020,13517564.668,23276.812,0.17219678671190658
French Polynesia,PYF,2021,15827469.907,42725.311,0.2699440355979064
French Polynesia,PYF,2022,15188387.411,53440.112,0.35184849157387615
French Polynesia,PYF,2023,15337165.214,61538.241,0.40123608333974875
French Polynesia,PYF,2024,15602318.294,32754.477,0.2099333982475925
Gabon,GAB,2018,9650428.705,57310.517,0.593864985192904
Gabon,GAB,2019,8174453.884,44151.673,0.5401177084920479
Gabon,GAB,2020,7038526.524,21574.94,0.30652637205292427
Gabon,GAB,2021,8779231.058,46103.217,0.5251395788015948
Gabon,GAB,2022,9283762.69,75118.171,0.8091349758532013
Gabon,GAB,2023,9156403.758,45228.385,0.49395358915320564
Gambia,GMB,2018,33536.079,2565.032,7.648574539677106
Gambia,GMB,2019,20991.568,23472.999,111.82108454213615
Gambia,GMB,2020,26403.413,0,0
Gambia,GMB,2021,30676.26,0,0
Gambia,GMB,2022,17590.884,0,0
Gambia,GMB,2023,56143.39,0,0
Gambia,GMB,2024,58658.194,0,0
Georgia,GEO,2018,3403544.58,749667.237,22.026073682278607
Georgia,GEO,2019,3461453.74,917219.151,26.498090683713716
Georgia,GEO,2020,2857476.17,850472.288,29.76305793654265
Georgia,GEO,2021,3913556.34,957868.26,24.47564764073385
Georgia,GEO,2022,5014740.877,1308942.606,26.101899143053163
Georgia,GEO,2023,5947922.453,2582070.546,43.411301448586656
Georgia,GEO,2024,7432579.169,2267925.293,30.51330152605873
Germany,DEU,2018,3161442061.241,1226593760.018,38.798552567384704
Germany,DEU,2019,2974649228.703,1158467671.467,38.94468162123816
Germany,DEU,2020,3026462041.502,1223899461.474,40.43994091750089
Germany,DEU,2021,3406239144.204,1330274822.96,39.05406422281224
Germany,DEU,2022,2985788939.389,1218926082.264,40.82425472824734
Germany,DEU,2023,2980388434.971,1285155231.438,43.120393850625874
Germany,DEU,2024,2666902895.905,1188202718.906,44.553655130468826
Ghana,GHA,2018,6781643.232,834472.725,12.304875034747331
Ghana,GHA,2019,6063205.744,933162.251,15.390575388661922
Ghana,GHA,2021,26045980.629,1234709.919,4.740500795832025
Ghana,GHA,2022,22739434.986,1034173.786,4.5479308814696155
Ghana,GHA,2023,21611304.55,1502124.317,6.950641565966918
Greece,GRC,2018,49870385.033,22349423.364,44.81502067652183
Greece,GRC,2019,54158461.955,20480888.262,37.81659877826196
Greece,GRC,2020,33232719.172,13347025.134,40.1623022928724
Greece,GRC,2021,63626241.179,21662368.97,34.04628117046418
Greece,GRC,2022,73223570.105,25261577.267,34.49924284048947
Greece,GRC,2023,82892636.641,30087762.308,36.297267799921954
Greece,GRC,2024,77818538.721,33640104.024,43.2289073746407
Greenland,GRL,2018,3136091.11,0,0
Grenada,GRD,2018,2280815.867,161614.736,7.085830046095519
Grenada,GRD,2019,1761561.993,112406.635,6.3810774441476035
Grenada,GRD,2020,1426924.929,90862.834,6.367737513961395
Grenada,GRD,2021,1283606.295,81059.107,6.314950878298708
Grenada,GRD,2022,2502856.294,166326.925,6.645484417092945
Grenada,GRD,2023,2528835.387,144976.497,5.732935316599949
Grenada,GRD,2024,2323821.75,112866.616,4.856939479114523
Guatemala,GTM,2018,12385003,1025240.491,8.278080279835217
Guatemala,GTM,2019,15315851,1139376.916,7.439200838399381
Guatemala,GTM,2020,12958316,1155526.57,8.917258770352568
Guatemala,GTM,2021,21036717,2173068.878,10.329885970325122
Guatemala,GTM,2022,24328223,2350120.219,9.660057041568553
Guatemala,GTM,2023,18422247,2112050.646,11.464674455835926
Guatemala,GTM,2024,22686943,2868560.956,12.64410527235864
Guinea-Bissau,GNB,2018,3552406.554,0,0
Guyana,GUY,2018,512312.385,67495.064,13.174591514120824
Guyana,GUY,2019,634911.406,101073.723,15.919342768902785
Guyana,GUY,2020,1012441.702,37804.403,3.733983193829366
Guyana,GUY,2021,1473136.923,57005.717,3.8696821802490384
Guyana,GUY,2022,1877950.314,137750.344,7.335143159703426
Guyana,GUY,2023,1827391.109,82904.109,4.536746873271561
Guyana,GUY,2024,945042.92,119664.181,12.662301200034385
Honduras,HND,2018,5096977.83,701484.314,13.762749954908083
Honduras,HND,2019,4795898.33,598958.337,12.488970695089778
Honduras,HND,2020,4002091.4,459494.029,11.481347702353824
Honduras,HND,2021,7279359.17,814164.13,11.184557747272141
Honduras,HND,2023,6659015.83,1149640.479,17.264420273949103
Honduras,HND,2024,6995891.35,655398.658,9.36833671666442
Hungary,HUN,2018,20043822,8957397.918,44.68907136573055
Hungary,HUN,2019,24587106,10961614.988,44.582778420526594
Hungary,HUN,2020,23460996,9356890.192,39.88274918933536
Hungary,HUN,2021,26970640,11129811.038,41.26639574737567
Hungary,HUN,2022,26761434,12897243.634,48.19339514466975
Hungary,HUN,2023,25838717,13669005.394,52.90125432311519
Hungary,HUN,2024,35009230,16786331.919,47.948303687341884
Iceland,ISL,2018,25430421.351,5447577.83,21.421500473037916
Iceland,ISL,2019,26169434.393,6022135.684,23.01209721831377
Iceland,ISL,2020,30975175.416,6051370.399,19.536194122323547
Iceland,ISL,2021,37946416.509,7481624.897,19.7162883489289
Iceland,ISL,2022,34747036.795,7802216.318,22.454335787052543
Iceland,ISL,2023,37493808.631,8240727.678,21.97890259456475
Iceland,ISL,2024,32143949.387,8847956.808,27.52604137554543
India,IND,2018,27348271.073,2754258.709,10.071052395407856
India,IND,2019,21740467.853,1945390.679,8.948246616190243
India,IND,2020,13173116.031,1832836.233,13.913460024847785
India,IND,2021,23512494.991,3647666.918,15.513738203437095
India,IND,2022,33400168.646,5233764.367,15.669874073006499
India,IND,2023,435869531.94,3796044.345,0.8709129835490653
India,IND,2024,25653791.688,2720307.601,10.603920208303828
Indonesia,IDN,2018,18646024,3920541.718,21.026153983283514
Indonesia,IDN,2019,14006611,1136423.619,8.113480262998666
Indonesia,IDN,2020,4254414,1395240.386,32.79512492202216
Indonesia,IDN,2021,8478951,3034561.544,35.789351111947695
Indonesia,IDN,2022,11059079,5284585.547,47.78504201841763
Indonesia,IDN,2023,16595783,7206848.899,43.4257841223882
Indonesia,IDN,2024,13056840,4384169.633,33.577570323294154
Ireland,IRL,2018,326881423.153,41163192.09,12.592698506067496
Ireland,IRL,2019,322820185.792,39348189.507,12.188887572338146
Ireland,IRL,2020,395615351.474,42699053.442,10.79307293888119
Ireland,IRL,2021,350043146.803,48181050.729,13.764317675990872
Ireland,IRL,2022,336004178.997,48014480.995,14.28984637581805
Ireland,IRL,2023,374081916.639,51934359.024,13.883151447312054
Ireland,IRL,2024,357943040.612,61159781.844,17.08645647626809
Israel,ISR,2018,40776000,9186687.223,22.529642983617812
Israel,ISR,2019,43472000,10617516.747,24.423805546098638
Israel,ISR,2020,52074000,13474485.07,25.875648250566503
Israel,ISR,2021,77790000,16520619.548,21.23745924668981
Israel,ISR,2022,78862000,15096407.226,19.142815584185033
Israel,ISR,2023,77565000,16019769.875,20.653348643073553
Israel,ISR,2024,77633000,18049654.545,23.24997687194879
Italy,ITA,2018,414014440.095,0,0
Italy,ITA,2019,373330985.259,0,0
Italy,ITA,2020,329104282.399,0,0
Italy,ITA,2021,509110986.312,0,0
Italy,ITA,2022,494791802.342,0,0
Italy,ITA,2023,620401075.831,0,0
Italy,ITA,2024,566883358.558,0,0
Jamaica,JAM,2018,10431593.84,1173825.762,11.252602238969075
Jamaica,JAM,2019,10613884.083,993758.569,9.362817242291904
Jamaica,JAM,2020,6002412.49,669680.937,11.156862979938255
Jamaica,JAM,2021,9902055.19,1149223.815,11.605912034913633
Jamaica,JAM,2022,15568341.21,1793301.801,11.518900933698124
Jamaica,JAM,2023,13575511.48,1446274.631,10.653555360552794
Japan,JPN,2018,1689399387.454,190617398.968,11.283145973864055
Japan,JPN,2019,1810463541.221,204098038.23,11.273247628745601
Japan,JPN,2020,1565352201.404,175826361.573,11.23238344797403
Japan,JPN,2021,1706817979.281,183339137.269,10.74157522914259
Japan,JPN,2022,1868444893.967,209852805.175,11.231415272272214
Japan,JPN,2023,1783493168.134,198525060.972,11.131248749313075
Japan,JPN,2024,1644449477.057,192924049.34,11.731831961494361
Jordan,JOR,2018,2032101.835,801545.366,39.444153447162265
Jordan,JOR,2019,2267407.518,887554.081,39.14400362326045
Jordan,JOR,2020,2526373.77,942301.42,37.29857518272128
Jordan,JOR,2021,2953121.766,857254.908,29.028769415124756
Jordan,JOR,2022,5470215.843,1370196.339,25.04830482609532
Jordan,JOR,2023,3338125.413,1111540.898,33.298356426969875
Kazakhstan,KAZ,2018,41699851.85,3229617.494,7.744913592540737
Kazakhstan,KAZ,2019,36229132.4,3135101.263,8.653536685300253
Kazakhstan,KAZ,2020,35896770.16,3187637.17,8.88001108676904
Kazakhstan,KAZ,2021,46986391.78,4619305.824,9.831156743485527
Kazakhstan,KAZ,2022,48883121.58,5326985.497,10.897392238509331
Kazakhstan,KAZ,2023,58358282.17,7962907.6,13.64486291218054
Kazakhstan,KAZ,2024,52623614.75,8625421.072,16.39078028557512
Kenya,KEN,2018,23426291.064,1104501.4,4.714794147236247
Kenya,KEN,2019,21173343.11,1406107.294,6.64093188635812
Kenya,KEN,2020,17584971.948,847724.165,4.8207308348672955
Kenya,KEN,2021,21512732.411,1413585.198,6.570923539574166
Kenya,KEN,2022,22525935,1800183.474,7.991603784704164
Kenya,KEN,2023,24000497.787,1999144.576,8.329596301468579
Kenya,KEN,2024,22686924.705,2180948.525,9.613240019786984
Kiribati,KIR,2018,46964.845,0,0
Kiribati,KIR,2020,36344.394,0,0
Kiribati,KIR,2021,55165.528,0,0
Kuwait,KWT,2018,941,0,0
Kuwait,KWT,2024,46634,280137.855,600.7159047047219
Kyrgyzstan,KGZ,2018,2969307,66846.72,2.251256606339459
Kyrgyzstan,KGZ,2019,2836913,48619.681,1.7138234764337152
Kyrgyzstan,KGZ,2020,2318303,23363.619,1.0077897065224002
Kyrgyzstan,KGZ,2021,3224040,55581.698,1.7239766876341482
Kyrgyzstan,KGZ,2022,3140767,169427.1,5.394449827064536
Kyrgyzstan,KGZ,2023,3679812,250550.483,6.808784878140514
Kyrgyzstan,KGZ,2024,3936051,1584019.196,40.24386868970956
Lao People's Dem. Rep.,LAO,2018,3353839,244605.097,7.29328679760716
Lao People's Dem. Rep.,LAO,2019,3391860.22,277692.728,8.187033367784242
Lao People's Dem. Rep.,LAO,2020,1278723.43,205892.251,16.10139035303357
Lao People's Dem. Rep.,LAO,2021,1879143.84,103220.112,5.492932994421544
Lao People's Dem. Rep.,LAO,2022,1767119.34,225536.69,12.762957480845632
Lao People's Dem. Rep.,LAO,2023,1938711.13,422826.85,21.809688068381803
Latvia,LVA,2018,110267248.011,40791739.543,36.99352280826915
Latvia,LVA,2019,126551950.895,46018473.045,36.36330591472389
Latvia,LVA,2020,145952917.578,53246909.119,36.48225057957053
Latvia,LVA,2021,143820947.3,51594318.625,35.87399443099065
Latvia,LVA,2022,162279383.069,80003061.382,49.29958437664462
Latvia,LVA,2023,188035055.604,97624215.52,51.918093254693765
Latvia,LVA,2024,172057511.177,85969636.053,49.96563966600727
Lebanon,LBN,2018,14243294,2570558.953,18.047503288214088
Lebanon,LBN,2019,10877523.23,2124264.4,19.528934621268558
Lebanon,LBN,2020,2811408,924920.624,32.89884015411494
Lebanon,LBN,2021,4648974,954492.719,20.531255261913707
Lebanon,LBN,2022,7860256,1807550.602,22.996078015779638
Lebanon,LBN,2023,8155476,2467251.712,30.25270029609553
Lebanon,LBN,2024,8027252,2854254.319,35.557053883446045
Lesotho,LSO,2018,3697404.801,0,0
Lesotho,LSO,2019,3230486.865,0,0
Lesotho,LSO,2020,3123271.268,0,0
Lesotho,LSO,2021,4018735.374,0,0
Lesotho,LSO,2022,4722081.891,0,0
Lesotho,LSO,2023,4204030.983,0,0
Lesotho,LSO,2024,5242744.13,0,0
Liberia,LBR,2018,589703.54,0,0
Liberia,LBR,2019,590555.72,0,0
Liberia,LBR,2020,687970.37,0,0
Liberia,LBR,2021,1540820.23,1810.775,0.11752019896571582
Liberia,LBR,2022,2080483.59,22593.158,1.0859570394400466
Liberia,LBR,2023,1866545.82,25699.593,1.3768530471970948
Lithuania,LTU,2018,245736464,25938829.123,10.555547475852018
Lithuania,LTU,2019,241039556,24614854.23,10.21195634379612
Lithuania,LTU,2020,270949796,25373978.942,9.36482673786549
Lithuania,LTU,2021,299623489,32941172.17,10.994188833439559
Lithuania,LTU,2022,285244178,39282516.458,13.771540135693847
Lithuania,LTU,2023,313836959,43452098.642,13.845437064026612
Lithuania,LTU,2024,113282605,40347484.835,35.61666403681307
Luxembourg,LUX,2018,134921765.244,14566266.903,10.796083846559194
Luxembourg,LUX,2019,132006649.846,13619691.673,10.317428469617887
Luxembourg,LUX,2020,125012499.574,13089188.093,10.470303479734822
Luxembourg,LUX,2021,149442541.326,17929065.74,11.997297142377155
Luxembourg,LUX,2022,134823716.588,16175131.288,11.99724477068723
Luxembourg,LUX,2023,143797491.571,16635010.638,11.56835940339506
Luxembourg,LUX,2024,242968474.195,17640624.587,7.260458232470979
Madagascar,MDG,2018,2101886.164,36226.945,1.7235445772695046
Madagascar,MDG,2019,2245409.146,54585.609,2.4309872032560067
Madagascar,MDG,2020,1102341.211,31028.897,2.814817834112527
Madagascar,MDG,2021,1356867.841,21251.478,1.56621576234999
Madagascar,MDG,2022,8475267.351,52091.157,0.6146255314748714
Madagascar,MDG,2023,8715789.467,60222.337,0.6909567656265188
Madagascar,MDG,2024,1930276.422,73146.914,3.7894528040813427
Malawi,MWI,2018,363848.082,0,0
Malawi,MWI,2019,261800.443,0,0
Malawi,MWI,2020,334843.052,0,0
Malawi,MWI,2021,182178.917,0,0
Malawi,MWI,2022,168401.98,0,0
Malawi,MWI,2023,150916.12,0,0
Malawi,MWI,2024,510563.183,20966.931,4.106628072318329
Malaysia,MYS,2018,101713101.495,4150655.329,4.08074797444264
Malaysia,MYS,2019,92842452.328,3838494.125,4.134416992174132
Malaysia,MYS,2020,66474237.086,3798027.855,5.713533575551023
Malaysia,MYS,2021,82874440.539,3878718.786,4.680235258028328
Malaysia,MYS,2022,131510606.513,6252211.925,4.754150323519313
Malaysia,MYS,2023,101562918.412,5703480.042,5.615711059880409
Malaysia,MYS,2024,101087762.803,4614256.786,4.564604713819091
Maldives,MDV,2018,10787286.111,1581633.978,14.662019359875679
Maldives,MDV,2019,13071186.42,1969474.936,15.06730049375273
Maldives,MDV,2020,5859711.207,536965.757,9.163689779771769
Maldives,MDV,2021,14452814.286,2365655.666,16.368131626042814
Maldives,MDV,2022,15051146.512,2536327.649,16.85139166626166
Maldives,MDV,2023,13649847.188,1770528.708,12.97105149687336
Maldives,MDV,2024,15517608.121,2331129.97,15.022482536115078
Mali,MLI,2018,336533.84,0,0
Mali,MLI,2019,823350.63,1468.812,0.17839447089510332
Mali,MLI,2020,961736.405,7071.335,0.7352674769548732
Mali,MLI,2021,1026229.766,18246.135,1.7779775645291505
Mali,MLI,2022,957508.23,7312.37,0.7636874306552958
Mali,MLI,2023,963621.127,8645.824,0.8972223374674931
Malta,MLT,2018,22980742.566,15558395.806,67.70188457277547
Malta,MLT,2019,24842020.134,15516678.738,62.4614208277012
Malta,MLT,2020,20382174.658,14068765.08,69.02484801580293
Malta,MLT,2021,24197578.738,18624485.108,76.96838311658021
Malta,MLT,2022,26531602.355,17954506.521,67.67215293205385
Malta,MLT,2023,29037796.414,18054786.619,62.17684827590857
Malta,MLT,2024,29073757.676,19559900.91,67.27682444071012
Mauritania,MRT,2018,774311.44,0,0
Mauritania,MRT,2019,181214.08,0,0
Mauritania,MRT,2021,11689.81,0,0
Mauritania,MRT,2022,18649.746,0,0
Mauritania,MRT,2023,2251.335,0,0
Mauritania,MRT,2024,53333.725,0,0
Mauritius,MUS,2018,19982377.615,650558.035,3.2556587986389127
Mauritius,MUS,2019,16109008.052,615076.082,3.818212021587734
Mauritius,MUS,2020,9577447.027,324878.235,3.3921172738844527
Mauritius,MUS,2021,11355243.016,634626.516,5.588841340566515
Mauritius,MUS,2022,23727601.791,1328158.638,5.5975258254029585
Mauritius,MUS,2023,20237692.876,1447039.088,7.150217650135665
Mauritius,MUS,2024,22011673.171,1397884.112,6.350649044897179
Mexico,MEX,2018,271125775,42272560.202,15.591494464884425
Mexico,MEX,2019,271185117,41335937.266,15.242701267415057
Mexico,MEX,2020,221774200,45395443.535,20.46921758031367
Mexico,MEX,2021,271633447,45418700.416,16.720584639932063
Mexico,MEX,2022,398991959,57613823.786,14.439845838096199
Mexico,MEX,2023,352647524,55936474.786,15.86186517107093
Mexico,MEX,2024,348551435,59502853.602,17.07146998318914
Mongolia,MNG,2018,7647628.86,641654.823,8.390245326314123
Mongolia,MNG,2019,6339817.83,691152.018,10.901764633196095
Mongolia,MNG,2020,5672935.17,415086.591,7.316963415959503
Mongolia,MNG,2021,12700384.54,1214009.598,9.55884126324257
Mongolia,MNG,2022,15979803.835,2583581.1,16.167789834448865
Mongolia,MNG,2023,12358849.724,1812984.721,14.669526383829343
Montenegro,MNE,2018,8143639.092,1129981.663,13.87563533003385
Montenegro,MNE,2019,7869950.746,1156321.987,14.692874508620207
Montenegro,MNE,2020,6725116.5,666932.813,9.91704475305372
Montenegro,MNE,2021,9074706.694,1408656.719,15.522889791373352
Montenegro,MNE,2022,11493097.023,1997039.332,17.375989500510805
Montenegro,MNE,2023,14008878.502,2682934.527,19.151672466978468
Montenegro,MNE,2024,14791985.737,3027321.354,20.465956416031393
Montserrat,MSR,2018,19432.739,0,0
Montserrat,MSR,2019,33144.314,0,0
Montserrat,MSR,2020,38718.103,0,0
Montserrat,MSR,2021,45421.537,0,0
Montserrat,MSR,2022,65446.355,0,0
Montserrat,MSR,2023,55970.133,0,0
Montserrat,MSR,2024,71193.263,0,0
Morocco,MAR,2018,29145617.588,361082.59,1.238891538015194
Morocco,MAR,2019,27109247.647,542003.821,1.9993318444600214
Morocco,MAR,2020,27730000.584,304744.746,1.098971293119393
Morocco,MAR,2021,25770193.328,442642.926,1.717654657712857
Morocco,MAR,2022,35881220.373,494946.546,1.379402765164695
Morocco,MAR,2023,46833418.702,892435.868,1.905553540044876
Morocco,MAR,2024,39953351.895,1148994.937,2.8758411560052157
Mozambique,MOZ,2018,11708951.695,177604.853,1.516829666961915
Mozambique,MOZ,2019,5606059.815,267908.114,4.778902167314817
Mozambique,MOZ,2020,7163797.073,536463.191,7.488531368677422
Mozambique,MOZ,2021,10011885.599,423347.701,4.228451242414161
Mozambique,MOZ,2022,9113046.859,589271.271,6.46623769324788
Mozambique,MOZ,2023,8557000,835901.738,9.768630805188733
Mozambique,MOZ,2024,8426821.5,746789.076,8.862049302931123
Myanmar,MMR,2018,5266909.01,248700.646,4.721946886262993
Myanmar,MMR,2019,5061645.26,345944.332,6.834622227160976
Myanmar,MMR,2020,3146017.35,149754.46,4.760128230062049
Myanmar,MMR,2021,3848996.999,125251.016,3.254120905590241
Myanmar,MMR,2022,3353402.92,126936.588,3.7853067772720856
Myanmar,MMR,2023,4221110.879,246371.38,5.836647912417939
Myanmar,MMR,2024,1371777.61,122288.06,8.914568885549896
Namibia,NAM,2018,46456415.008,0,0
Namibia,NAM,2019,37553038.059,0,0
Namibia,NAM,2020,31622049.978,13504.183,0.04270495748819287
Namibia,NAM,2021,38663390.47,0,0
Namibia,NAM,2022,42597785.183,18756.902,0.04403257568303231
Namibia,NAM,2023,47205665.057,57993.842,0.12285356414314567
Namibia,NAM,2024,52250330.317,69067.537,0.13218583802431658
Nepal,NPL,2018,3397848.63,159887,4.705536279289758
Nepal,NPL,2019,2732455.13,118210.232,4.326154552444563
Nepal,NPL,2020,1101211.97,101229.405,9.192544919394583
Nepal,NPL,2021,2538212.66,218931.145,8.625405918509601
Nepal,NPL,2022,2310430.592,378514.118,16.382838736235016
Netherlands,NLD,2018,1380049744.657,181311818.02,13.138063951822518
Netherlands,NLD,2019,1335770809.927,184432509.492,13.807197171951922
Netherlands,NLD,2020,1488933858.327,222112419.875,14.917547789837393
Netherlands,NLD,2021,1701803133.484,268261835.952,15.763388295260894
Netherlands,NLD,2022,1569394245.391,244217563.47,15.561262836742177
Netherlands,NLD,2023,1602247659.301,260245350.815,16.242517147975434
Netherlands,NLD,2024,1533638273.644,257730394.269,16.805161862361448
New Zealand,NZL,2018,143397945.276,7770210.843,5.418634714775424
New Zealand,NZL,2019,137753032.414,8474395.134,6.151875559828865
New Zealand,NZL,2020,144681182.696,9698682.065,6.703485473559194
New Zealand,NZL,2021,183745641.498,13749249.657,7.482762336514879
New Zealand,NZL,2022,165723895.786,11344434.973,6.845382748936289
New Zealand,NZL,2023,154014773.594,10049322.448,6.524908106861961
New Zealand,NZL,2024,145885130.511,10585798.814,7.256256190689572
Nicaragua,NIC,2018,2758990.51,220419.159,7.98912349285319
Nicaragua,NIC,2019,2260362.73,195441.514,8.646466843841475
Nicaragua,NIC,2020,2623577.77,203597.579,7.760302794454613
Nicaragua,NIC,2021,3557716.88,313490.05,8.811551356498047
Nicaragua,NIC,2022,3133695.54,236255.672,7.539203122457773
Nicaragua,NIC,2023,4410457.33,249467.052,5.656262680586913
Nicaragua,NIC,2024,2658320,236403.744,8.892975413042823
Niger,NER,2018,308321.222,0,0
Niger,NER,2019,376443.788,0,0
Niger,NER,2020,297001.944,0,0
Niger,NER,2021,221295.471,1215.857,0.5494269695198597
Niger,NER,2022,370511.832,2936.953,0.7926745508089469
Niger,NER,2023,137723.197,32726.757,23.762704985711306
Niger,NER,2024,70450.217,7719.695,10.957659647804917
Nigeria,NGA,2018,5768465.007,3646519.056,63.21472092792396
Nigeria,NGA,2019,15638515.81,4137688.375,26.458318840936094
Nigeria,NGA,2020,13851855.995,3130525.086,22.600040652530623
Nigeria,NGA,2021,12885701.903,6157262.079,47.783676243251364
Nigeria,NGA,2022,14469829.641,6804848.687,47.02784245447219
Nigeria,NGA,2023,7382156.853,3469402.826,46.99714318031709
Nigeria,NGA,2024,6207213.267,2396827.541,38.61358451694391
North Macedonia,MKD,2018,682231.43,189649.403,27.798397238895895
North Macedonia,MKD,2019,1098901.54,248186.63,22.58497426439133
North Macedonia,MKD,2020,921525.63,248758.867,26.99424290564767
North Macedonia,MKD,2021,1535108.55,409472.975,26.673877557388366
North Macedonia,MKD,2022,1480935.76,413083.598,27.893417740145594
North Macedonia,MKD,2023,1967799.966,417099.37,21.196228133281714
North Macedonia,MKD,2024,3873645.06,729022.356,18.820060813728762
Norway,NOR,2018,440635666.124,110746934.992,25.13344776789687
Norway,NOR,2019,431530776.166,106155307.162,24.599707141435605
Norway,NOR,2020,505927132.762,140156199.564,27.702843055450987
Norway,NOR,2021,567194803.657,138798666.477,24.47107511953438
Norway,NOR,2022,494346405.379,116361874.668,23.53852954160534
Norway,NOR,2023,523735682.026,111989624.944,21.3828518444234
Norway,NOR,2024,498590011.172,96616862.347,19.37801804731098
Oman,OMN,2018,3923008.75,35266.829,0.898974008151269
Oman,OMN,2019,4192522.379,67088.421,1.600192317065268
Oman,OMN,2020,3329601.781,25251.669,0.7583990717477335
Oman,OMN,2021,2446533.156,0,0
Oman,OMN,2022,3487191.152,6767.944,0.19408009784947977
Oman,OMN,2023,4956423.919,13880.245,0.2800455575801607
"Other Asia, nes",S19,2018,214744035.59,14810527.162,6.896828180260613
"Other Asia, nes",S19,2019,209532289.79,14398815.658,6.871883885978127
"Other Asia, nes",S19,2020,215974493.595,19091171.079,8.839548949145899
"Other Asia, nes",S19,2021,264112596.811,23609192.637,8.939063460837056
"Other Asia, nes",S19,2022,278105265.07,23533770.878,8.462180991818503
"Other Asia, nes",S19,2023,274658197.43,20808203.64,7.576035900149394
"Other Asia, nes",S19,2024,238974796.233,18275562.438,7.6474853106188485
Pakistan,PAK,2018,112622.182,306716.192,272.340836017544
Pakistan,PAK,2019,91086.443,251219.413,275.8032970943876
Pakistan,PAK,2020,98088.879,370333.067,377.54847519462425
Pakistan,PAK,2021,137218.022,152963.804,111.47501018488666
Pakistan,PAK,2022,63123.871,57713.383,91.4287766033867
Pakistan,PAK,2023,76058.065,74278.829,97.66068726570943
Pakistan,PAK,2024,42286.531,11891.285,28.12073896532208
Palau,PLW,2018,410794.67,3911.32,0.9521350410899928
Panama,PAN,2018,38320398,2304101.483,6.012728476880642
Panama,PAN,2019,39049956,2305828.33,5.904816717335097
Panama,PAN,2020,29803715,2048092.207,6.871935954964004
Panama,PAN,2021,29043734,3364172.345,11.583126140047971
Panama,PAN,2022,30260192,3860225.652,12.756778450050813
Panama,PAN,2023,25258673,3350122.678,13.263256854388192
Panama,PAN,2024,27072223,3786946.899,13.988311558308308
Papua New Guinea,PNG,2019,3542221.999,0,0
Papua New Guinea,PNG,2020,2744364.63,0,0
Papua New Guinea,PNG,2021,3285999.213,0,0
Papua New Guinea,PNG,2022,3341548.237,0,0
Papua New Guinea,PNG,2023,3576950.905,0,0
Paraguay,PRY,2018,51670490,2655292.402,5.138895338519143
Paraguay,PRY,2019,42313866,1241204.076,2.9333270469779333
Paraguay,PRY,2020,31681535,711581.255,2.246044123177744
Paraguay,PRY,2021,45125546,1157621.271,2.565334657668186
Paraguay,PRY,2022,45981915.58,1691917.438,3.6795279549769466
Paraguay,PRY,2023,37521053.513,1826286.487,4.867364628680383
Paraguay,PRY,2024,38925906.84,2039934.938,5.240558547254643
Peru,PER,2018,37954921.79,4398361.611,11.588382753982748
Peru,PER,2019,37465410.87,4926824.238,13.150327525021483
Peru,PER,2020,33873650.6,4194884.997,12.383917654862982
Peru,PER,2021,42276382.08,5526721.931,13.072835609588662
Peru,PER,2022,53594844.57,10400392.672,19.405584166619033
Peru,PER,2023,45661610.21,9583150.783,20.98732554311295
Peru,PER,2024,49949241.988,7362531.123,14.740025734061796
Philippines,PHL,2018,36601771.35,2950289.988,8.060511497621821
Philippines,PHL,2019,44030284,3135475.183,7.121178648313966
Philippines,PHL,2020,24064580,2733993.469,11.361068711774733
Philippines,PHL,2021,30681282,3117207.889,10.15996622631349
Philippines,PHL,2022,56143789,4594490.135,8.183434386660295
Philippines,PHL,2023,53893416,5822423.915,10.803590395902905
Philippines,PHL,2024,39295919,4898905.742,12.466703583137983
Poland,POL,2018,354095925,76263544.669,21.53753807502868
Poland,POL,2019,333090751,84804210.679,25.459791490577892
Poland,POL,2020,367661184,88542771.215,24.082708501259685
Poland,POL,2021,423478281,109704842.089,25.905659631455812
Poland,POL,2022,403345131,113374101.912,28.10845928173607
Poland,POL,2023,425979771,135852580.032,31.891791413728892
Poland,POL,2024,426252781,129305329.26,30.335363198486675
Portugal,PRT,2018,195535427,14561840.688,7.447162343629935
Portugal,PRT,2019,189447101.956,14578842.486,7.695468727405504
Portugal,PRT,2020,189895468.17,13152167.638,6.926003956148019
Portugal,PRT,2021,204455632.555,18861942.698,9.225445375258127
Portugal,PRT,2022,217434505.66,18514749.453,8.515092577785845
Portugal,PRT,2023,213638772.075,22360697.775,10.466591601242706
Portugal,PRT,2024,166568505.107,20433727.016,12.267461368446464
Qatar,QAT,2018,6218307.555,671754.978,10.802858688773878
Qatar,QAT,2019,6156578.825,782051.533,12.702696663678307
Qatar,QAT,2020,6865182.689,1002627.644,14.604529688721879
Qatar,QAT,2021,5462843.236,722711.101,13.229577891552005
Qatar,QAT,2022,13300119.165,2208698.947,16.606610208518386
Qatar,QAT,2023,4059680.286,381622.947,9.400320225118339
Qatar,QAT,2024,8435654.143,333354.186,3.951728939439996
Rep. of Korea,KOR,2018,244001146,34236808.309,14.031412913527873
Rep. of Korea,KOR,2019,259254957,37116613.413,14.316645607281483
Rep. of Korea,KOR,2020,330017230,48977037.812,14.840751742568106
Rep. of Korea,KOR,2021,559808540,88870112.209,15.875090474504017
Rep. of Korea,KOR,2022,581282439,79660515.193,13.704270049864691
Rep. of Korea,KOR,2023,506019190,55210615.918,10.910775126532256
Rep. of Korea,KOR,2024,462111925,52958330.38,11.460065736239116
Rep. of Moldova,MDA,2018,2887059,355117.592,12.30032333942604
Rep. of Moldova,MDA,2019,2623566,577388.524,22.00777582877656
Rep. of Moldova,MDA,2020,2992169,707854.269,23.656894680748312
Rep. of Moldova,MDA,2021,6045537,1356109.933,22.431587681954472
Rep. of Moldova,MDA,2022,5867123,1606369.873,27.379174989172718
Rep. of Moldova,MDA,2023,6110390,2757580.987,45.12937778112363
Rep. of Moldova,MDA,2024,12392251,5000614.585,40.35275419292266
Romania,ROU,2018,73969717.94,17281976.912,23.36358363028794
Romania,ROU,2019,70320831.56,18242083.421,25.941222559968256
Romania,ROU,2020,81005770.52,18914875.411,23.350034558747875
Romania,ROU,2021,109613621.16,29572992.701,26.979304568209745
Romania,ROU,2022,123060757.34,35413118.752,28.77693873942154
Romania,ROU,2023,142141263.06,39413032.688,27.728072650770773
Romania,ROU,2024,143156829.07,42310235.397,29.555163852023703
Russian Federation,RUS,2018,1051033087.79,127631122.902,12.143397233132696
Russian Federation,RUS,2019,1161242760.75,146362946.293,12.603992140150789
Russian Federation,RUS,2020,1092548845.93,143683424.169,13.151212845471793
Russian Federation,RUS,2021,1251094437.729,175736891.784,14.046652793293484
Rwanda,RWA,2018,3307509.137,39968.207,1.2084080600984293
Rwanda,RWA,2019,4411307.55,30352.456,0.6880603008511615
Rwanda,RWA,2020,4676505.31,21440.161,0.45846544756729896
Rwanda,RWA,2021,4590519.14,132258.752,2.881128429408967
Rwanda,RWA,2022,10012916.52,298370.799,2.9798590490995127
Saint Lucia,LCA,2018,5912554.34,388967.276,6.578667249931779
Saint Lucia,LCA,2019,5013161.14,301028.026,6.004754636712118
Saint Lucia,LCA,2020,2971303.27,151141.086,5.086693355269656
Saint Vincent and the Grenadines,VCT,2018,1871670.743,90404.391,4.83014394161527
Saint Vincent and the Grenadines,VCT,2019,2312960.01,106770.965,4.616204540432154
Saint Vincent and the Grenadines,VCT,2020,1823542.22,124154.421,6.808420426920524
Saint Vincent and the Grenadines,VCT,2021,2082340.509,80959.757,3.8879211469059496
Saint Vincent and the Grenadines,VCT,2022,2777857.689,86179.394,3.1023689349263854
Saint Vincent and the Grenadines,VCT,2023,2113096.457,101353.795,4.796458517747635
Samoa,WSM,2018,65209.882,1360.459,2.086277352871149
Samoa,WSM,2019,46950.07,0,0
Samoa,WSM,2021,112521.364,0,0
Samoa,WSM,2022,155176.006,0,0
Samoa,WSM,2023,79019.72,0,0
Samoa,WSM,2024,95788.268,0,0
Sao Tome and Principe,STP,2018,4429539.286,32622.673,0.7364800466519668
Sao Tome and Principe,STP,2019,4194043.064,0,0
Sao Tome and Principe,STP,2020,4342864.645,25411.577,0.5851339859108136
Sao Tome and Principe,STP,2021,5379354.989,44679.198,0.8305679415350441
Sao Tome and Principe,STP,2022,4826647.748,0,0
Sao Tome and Principe,STP,2023,3902907.115,0,0
Senegal,SEN,2018,6166617.529,80172.605,1.3001066568985196
Senegal,SEN,2019,5998365.972,88860.867,1.4814178963870663
Senegal,SEN,2020,4459990.614,112308.706,2.518137720905975
Senegal,SEN,2021,6186949.899,132379.392,2.139655147706894
Senegal,SEN,2022,5706399.592,159284.136,2.7913246072585935
Senegal,SEN,2023,6004630.927,243750.385,4.059373306425366
Senegal,SEN,2024,4752691.667,198404.652,4.174574449624189
Serbia,SRB,2018,31573501,3834393.485,12.144340550007424
Serbia,SRB,2019,31212915,4337403.101,13.896180798877644
Serbia,SRB,2020,31193694,5562799.486,17.83308987387002
Serbia,SRB,2021,40181808,6409501.557,15.951252260724555
Serbia,SRB,2022,38645631,8708065.598,22.53311790406527
Serbia,SRB,2023,46071909,10023707.195,21.756656957713645
Serbia,SRB,2024,51982249,10242044.489,19.702965312254957
Seychelles,SYC,2018,11921936.144,497189.901,4.170378829366761
Seychelles,SYC,2019,7088459.679,595647.913,8.403065545602859
Seychelles,SYC,2020,447551.888,308914.904,69.02326015883101
Seychelles,SYC,2021,1369395.239,707071.726,51.63386770033892
Seychelles,SYC,2022,1629053.652,781527.412,47.974320001094725
Seychelles,SYC,2023,8683545.232,951204.98,10.954108657080349
Seychelles,SYC,2024,19094052.084,995496.968,5.213649588995224
Sierra Leone,SLE,2018,568723.62,39004.549,6.858260784034255
Singapore,SGP,2018,658527352.5,19433492.052,2.951053130629073
Singapore,SGP,2019,621084711.016,18090063.652,2.9126564108151056
Singapore,SGP,2020,540288136.372,17378980.44,3.216613371653639
Singapore,SGP,2021,852560309.708,24197948.936,2.8382682914582014
Singapore,SGP,2022,851363495.094,26002319.052,3.0541970852448936
Singapore,SGP,2023,980517096.023,24315617.384,2.4798769427503817
Singapore,SGP,2024,703641632.197,22794826.211,3.2395505279906582
Slovakia,SVK,2018,84132326.439,16592199.395,19.72155067770549
Slovakia,SVK,2019,70501983.097,21176935.946,30.03736209357935
Slovakia,SVK,2020,82211428.017,23472824.54,28.55177814834477
Slovakia,SVK,2021,85521994.381,29445061.596,34.42981166321077
Slovakia,SVK,2022,73004581.271,29355184.821,40.210058478427186
Slovakia,SVK,2023,93849614.895,34476145.066,36.73552108292857
Slovakia,SVK,2024,113747510.828,37125378.189,32.63840933199679
Slovenia,SVN,2018,16450555.63,5395011.206,32.795312981170106
Slovenia,SVN,2019,14118204.68,5113740.598,36.22089857674454
Slovenia,SVN,2020,14090837.39,3254231.766,23.094665532862273
Slovenia,SVN,2021,16268698.1,3813406.683,23.440146590463808
Slovenia,SVN,2022,19174792.015,4697861.601,24.500195868226214
Slovenia,SVN,2023,22127477.197,4354539.05,19.67932905876129
Slovenia,SVN,2024,35986259.383,6752406.952,18.763847834626162
Solomon Isds,SLB,2018,981698.822,0,0
South Africa,ZAF,2018,50275271.293,4302278.013,8.557443654409521
South Africa,ZAF,2019,52016009.365,5628681.116,10.821055257244263
South Africa,ZAF,2020,25313710.101,2336020.401,9.228281400393051
South Africa,ZAF,2021,43542086.976,4441482.001,10.200434360089593
South Africa,ZAF,2022,50974726.276,5198885.291,10.198946950398334
South Africa,ZAF,2023,54358199.189,6258753.648,11.5139091091644
South Africa,ZAF,2024,56119276.839,5439553.705,9.692843549294974
Spain,ESP,2018,257446935.75,55618842.575,21.60400255414576
Spain,ESP,2019,238359091.68,52751250.49,22.13099996236737
Spain,ESP,2020,193703032.038,43615440.72,22.51665359138192
Spain,ESP,2021,284373242.457,57543944.729,20.235358373318547
Spain,ESP,2022,297436708.349,61889328.643,20.80756238412295
Spain,ESP,2023,320687214.966,65017275.737,20.27435853465293
Spain,ESP,2024,311832830.17,64017575.885,20.52945350561707
Sri Lanka,LKA,2019,6725749.512,647550.03,9.627923681139912
Sri Lanka,LKA,2020,5487918.517,742326.887,13.526565394520414
Sri Lanka,LKA,2021,5053539.503,709307.105,14.035847638648608
Sri Lanka,LKA,2022,7729925.25,890705.388,11.522820198034903
Sri Lanka,LKA,2023,11436394.902,1460694.429,12.772332903129755
Sri Lanka,LKA,2024,8921768.328,1315621.733,14.74619923576209
State of Palestine,PSE,2018,51097.693,0,0
State of Palestine,PSE,2019,124185.04,0,0
State of Palestine,PSE,2020,159514.66,0,0
State of Palestine,PSE,2021,232931.89,0,0
State of Palestine,PSE,2022,225143.708,0,0
State of Palestine,PSE,2023,219664.268,0,0
Suriname,SUR,2018,920923.158,99093.85,10.760273442922802
Suriname,SUR,2019,1157824.174,151695.108,13.101739573801643
Suriname,SUR,2020,761408.534,75488.876,9.914372196936789
Suriname,SUR,2021,812885.06,113324.263,13.940994683799454
Suriname,SUR,2022,895235.82,122027.275,13.63074089238297
Suriname,SUR,2023,1223097.523,181937.502,14.875142707651449
Suriname,SUR,2024,823602.759,198832.185,24.141758004965595
Sweden,SWE,2018,784068184.433,208561364.369,26.599901451150128
Sweden,SWE,2019,773742140.324,201912332.274,26.095558423307587
Sweden,SWE,2020,853186760.862,212784853.282,24.940008804990967
Sweden,SWE,2021,888131821.896,229341594.54,25.822922778557512
Sweden,SWE,2022,829029109.984,206528487.555,24.912091151900075
Sweden,SWE,2023,811115815.069,208744943.814,25.73552875383677
Sweden,SWE,2024,820396897.514,186688071.864,22.755823727479925
Switzerland,CHE,2018,1214730348.802,443833385.699,36.53760574408308
Switzerland,CHE,2019,1210977855.215,426872098.57,35.25019856735631
Switzerland,CHE,2020,1240226517.432,436314631.026,35.180237230326966
Switzerland,CHE,2021,1476779857.9,491161580.987,33.258957207436325
Switzerland,CHE,2022,1355227132.858,449218150.123,33.147074702943456
Switzerland,CHE,2023,1374295089.889,454498350.826,33.07137995106344
Switzerland,CHE,2024,1277753418.484,430862188.992,33.720292410033196
Tajikistan,TJK,2018,734417,4767.511,0.6491558610435216
Tajikistan,TJK,2019,1116808,4782.594,0.4282377991561665
Tajikistan,TJK,2020,615676,2913.742,0.47325898686971724
Tajikistan,TJK,2021,689311,27640.641,4.009894082641942
Tajikistan,TJK,2022,690349,0,0
Tajikistan,TJK,2023,967857,72728.29,7.514363175551759
Thailand,THA,2018,71849077.92,11929500.126,16.603553547733547
Thailand,THA,2019,64637354.056,12306847.203,19.039837540901953
Thailand,THA,2020,49089794.466,13842073.44,28.19745649900232
Thailand,THA,2021,52485686.01,12291835.651,23.419405528315014
Thailand,THA,2022,115040648.947,25616701.068,22.267521352215063
Thailand,THA,2023,112371557.266,19831648.317,17.648281112680117
Thailand,THA,2024,124582914.17,22682978.129,18.207134003983782
Timor-Leste,TLS,2018,148958.63,0,0
Timor-Leste,TLS,2019,283121.87,17032.394,6.015923107600271
Timor-Leste,TLS,2020,467491.66,11175.246,2.3904695968266045
Timor-Leste,TLS,2021,439315.42,0,0
Timor-Leste,TLS,2022,1413854.83,0,0
Timor-Leste,TLS,2023,1125440.87,0,0
Togo,TGO,2018,10104340.376,83950.477,0.8308357980437852
Togo,TGO,2019,8511444.085,82775.15,0.9725159347034585
Togo,TGO,2020,9657090.697,116629.634,1.2077098337310976
Togo,TGO,2021,12392882.41,116939.9,0.9436053383806777
Togo,TGO,2022,12260595.537,195777.536,1.5968028258430265
Togo,TGO,2023,11080270.471,162729.846,1.4686450698645583
Togo,TGO,2024,11372354.754,176297.634,1.5502298144365465
Tonga,TON,2018,87642.259,1818.669,2.075105115672566
Tonga,TON,2019,472851.829,5053.518,1.0687318288875647
Tonga,TON,2020,397428.071,2468.286,0.62106483666072
Tonga,TON,2021,813445.045,1609.71,0.1978879839387306
Tonga,TON,2022,704163.649,1595.369,0.22656224902629132
Tonga,TON,2023,841296.466,1648.935,0.19599927809514892
Trinidad and Tobago,TTO,2018,6645182.125,829889.443,12.488588384626102
Trinidad and Tobago,TTO,2019,6936818.198,999032.633,14.401885770741949
Trinidad and Tobago,TTO,2020,5938350.96,664834.599,11.195609748872101
Trinidad and Tobago,TTO,2021,6575480.508,670794.715,10.201455455367611
Trinidad and Tobago,TTO,2022,7788447.318,989578.23,12.705718991164908
Trinidad and Tobago,TTO,2023,6854581.717,810308.11,11.821408562252026
Trinidad and Tobago,TTO,2024,7145643.898,837085.513,11.714626770504092
Tunisia,TUN,2018,1376587.792,1843.469,0.13391583237286186
Tunisia,TUN,2019,1810405.734,13287.596,0.7339568004262629
Tunisia,TUN,2020,1100545.26,1629.914,0.1481005878849544
Tunisia,TUN,2021,1044402.185,29782.584,2.8516393806663665
Tunisia,TUN,2022,1767327.137,26082.962,1.4758423301458081
Tunisia,TUN,2023,1159658.372,26726.798,2.304713064236818
Tunisia,TUN,2024,1416601.351,35056.658,2.4747017200889285
Türkiye,TUR,2018,19399961,3846849.007,19.82915845552473
Türkiye,TUR,2019,20819270,4253174.812,20.429029509680213
Türkiye,TUR,2020,12197189,3382210.259,27.72942404188375
Türkiye,TUR,2021,24772034,6925909.631,27.958582775237595
Türkiye,TUR,2022,43103511,11906821.912,27.623786637705688
Türkiye,TUR,2023,72925260,17443540.062,23.91975025114754
Türkiye,TUR,2024,52659231,12393437.679,23.535166472522167
USA,USA,2018,6449227701,1727172943.171,26.78108175500129
USA,USA,2019,6487294723,1724039139.944,26.575625334727064
USA,USA,2020,5883810717,1659680265.498,28.207574059150343
USA,USA,2021,7375680580,2032989308.646,27.563413119579533
USA,USA,2022,7684771423,1958722356.567,25.48836196616957
USA,USA,2023,6991393598,1903865154.49,27.23155445052659
USA,USA,2024,7106048909,2030915066.945,28.58008849858593
Uganda,UGA,2018,4696300,257490.486,5.482837254860209
Uganda,UGA,2019,4265842.39,196514.015,4.606687191741278
Uganda,UGA,2020,4285449,123913.417,2.8914920466910234
Uganda,UGA,2021,5998509.67,97241.36,1.6210919936718213
Uganda,UGA,2022,5222596.1,152110.769,2.9125508863302683
Uganda,UGA,2023,5795351.02,267128.494,4.609358312863679
Uganda,UGA,2024,6147135.32,345203.557,5.615681761175219
Ukraine,UKR,2018,125255768.42,27868721.712,22.249451712716578
Ukraine,UKR,2019,146385274.51,36390008.401,24.85906353819359
Ukraine,UKR,2020,179044284.63,48752356.437,27.229216803958924
Ukraine,UKR,2021,210675699.22,65701223.038,31.185952286500264
Ukraine,UKR,2022,117624946.2,37585448.559,31.953637194522262
Ukraine,UKR,2023,179859418.22,62897883.278,34.97058085724748
Ukraine,UKR,2024,203805902.09,73364691.093,35.997333904786714
United Arab Emirates,ARE,2018,311204983.799,14082350.925,4.525104563908738
United Arab Emirates,ARE,2019,296162210.519,14009377.932,4.730305702219643
United Arab Emirates,ARE,2020,143634489.483,9052934.703,6.302758296830559
United Arab Emirates,ARE,2021,201684909.527,18864780.092,9.353590279135153
United Arab Emirates,ARE,2022,361902735.936,23024762.974,6.362141174326952
United Arab Emirates,ARE,2023,388912233.758,22261693.577,5.724091875919825
United Kingdom,GBR,2018,4372943650.457,958384833.608,21.916240185437623
United Kingdom,GBR,2019,4423746981.733,854181006.282,19.308993254116334
United Kingdom,GBR,2020,4443666729.406,806950978.361,18.159574682345
United Kingdom,GBR,2021,4828386889.707,877216164.886,18.167893023569036
United Kingdom,GBR,2022,5029253132.186,854083328.308,16.982309417716
United Kingdom,GBR,2023,5051536345.835,911644751.209,18.04688096445456
United Kingdom,GBR,2024,4961819389.326,890539759.529,17.947847143423907
United Rep. of Tanzania,TZA,2018,4988753.257,127398.956,2.553723334006134
United Rep. of Tanzania,TZA,2019,6330663.17,85015.312,1.3429132101495145
United Rep. of Tanzania,TZA,2020,7058904.73,42562.792,0.6029659504981023
United Rep. of Tanzania,TZA,2021,10863031,340365.458,3.1332457580209425
United Rep. of Tanzania,TZA,2022,11821050.02,643494.851,5.443635293914441
United Rep. of Tanzania,TZA,2023,9412360.11,473101.516,5.02638562986303
United Rep. of Tanzania,TZA,2024,13280388.616,576979.885,4.344600912543055
Uruguay,URY,2018,12681121.75,532544.121,4.199503257667249
Uruguay,URY,2019,11843456.09,621315.173,5.24606304341016
Uruguay,URY,2020,11537161.06,765401.53,6.634227658082118
Uruguay,URY,2021,15822768.74,1155476.963,7.302621822936407
Uruguay,URY,2022,15913965.64,1184062.622,7.440399513141087
Uruguay,URY,2023,13714026.68,1918314.341,13.987972940125562
Uruguay,URY,2024,16471339,2859776.62,17.362138075113386
Uzbekistan,UZB,2018,430149,1166774.285,271.24886609058717
Uzbekistan,UZB,2019,446978,256356.895,57.35335855455973
Uzbekistan,UZB,2020,473335,82974.828,17.529831514677763
Uzbekistan,UZB,2021,1095496.93,127692.192,11.6560976578912
Uzbekistan,UZB,2022,1720996.99,365933.346,21.262869611410537
Uzbekistan,UZB,2023,3037703.91,353688.372,11.64328000618072
Uzbekistan,UZB,2024,3516793.86,421479.426,11.984763474308386
Viet Nam,VNM,2018,27706815.39,13557710.93,48.932765239029514
Viet Nam,VNM,2019,29510209.06,13063739.739,44.26854351468292
Viet Nam,VNM,2020,16536051.775,12638551.794,76.4302867816825
Viet Nam,VNM,2021,22859971.328,15185256.063,66.42727519259992
Viet Nam,VNM,2022,35095645.665,25970385.353,73.99888180116774
Viet Nam,VNM,2023,25965103.792,17630278.396,67.8998957109195
Zambia,ZMB,2018,4726389.245,85537.679,1.8097891342844743
Zambia,ZMB,2019,3919527.669,70752.613,1.805131101882266
Zambia,ZMB,2020,3285470.449,31314.446,0.9531190886081836
Zambia,ZMB,2021,3359550.319,74070.295,2.2047681376014534
Zambia,ZMB,2022,5114767.718,189884.676,3.7124789720509455
Zambia,ZMB,2023,5131476.999,120021.898,2.3389347360104966
Zambia,ZMB,2024,6232313.912,156634.259,2.5132601022937693
Zimbabwe,ZWE,2018,5513949.57,51437.632,0.9328636641847269
Zimbabwe,ZWE,2019,417354.79,13129.743,3.1459428080363
Zimbabwe,ZWE,2020,3536116.981,30053.461,0.8499000785743518
Zimbabwe,ZWE,2021,3655164.86,32979.531,0.9022720523746774
Zimbabwe,ZWE,2022,5923145.47,111411.492,1.8809514735757453
Zimbabwe,ZWE,2023,5565176.34,20304.062,0.3648413052801846
Zimbabwe,ZWE,2024,8501829.844,41773.537,0.4913476012399948
