country_name,country_code,year,population
Afghanistan,AFG,2024,42647492
Afghanistan,AFG,2023,41454761
Afghanistan,AFG,2022,40578842
Afghanistan,AFG,2021,40000412
Afghanistan,AFG,2020,39068979
Afghanistan,AFG,2019,37856121
Afghanistan,AFG,2018,36743039
Albania,ALB,2024,2377128
Albania,ALB,2023,2414095
Albania,ALB,2022,2451636
Albania,ALB,2021,2489762
Albania,ALB,2020,2528480
Albania,ALB,2019,2567801
Albania,ALB,2018,2607733
Algeria,DZA,2024,46814308
Algeria,DZA,2023,46164219
Algeria,DZA,2022,45477389
Algeria,DZA,2021,44761099
Algeria,DZA,2020,44042091
Algeria,DZA,2019,43294546
Algeria,DZA,2018,42505035
American Samoa,ASM,2024,46765
American Samoa,ASM,2023,47521
American Samoa,ASM,2022,48342
American Samoa,ASM,2021,49225
American Samoa,ASM,2020,49761
American Samoa,ASM,2019,50209
American Samoa,ASM,2018,50908
Andorra,AND,2024,81938
Andorra,AND,2023,80856
Andorra,AND,2022,79705
Andorra,AND,2021,78364
Andorra,AND,2020,77380
Andorra,AND,2019,76474
Andorra,AND,2018,75162
Angola,AGO,2024,37885849
Angola,AGO,2023,36749906
Angola,AGO,2022,35635029
Angola,AGO,2021,34532429
Angola,AGO,2020,33451132
Angola,AGO,2019,32375632
Angola,AGO,2018,31297155
Antigua and Barbuda,ATG,2024,93772
Antigua and Barbuda,ATG,2023,93316
Antigua and Barbuda,ATG,2022,92840
Antigua and Barbuda,ATG,2021,92349
Antigua and Barbuda,ATG,2020,91846
Antigua and Barbuda,ATG,2019,91364
Antigua and Barbuda,ATG,2018,90926
Argentina,ARG,2024,45696159
Argentina,ARG,2023,45538401
Argentina,ARG,2022,45407904
Argentina,ARG,2021,45312281
Argentina,ARG,2020,45191965
Argentina,ARG,2019,44973465
Argentina,ARG,2018,44654882
Armenia,ARM,2024,3033500
Armenia,ARM,2023,2964300
Armenia,ARM,2022,2969200
Armenia,ARM,2021,2962300
Armenia,ARM,2020,2961500
Armenia,ARM,2019,2962500
Armenia,ARM,2018,2969000
Aruba,ABW,2024,107995
Aruba,ABW,2023,107359
Aruba,ABW,2022,107310
Aruba,ABW,2021,107700
Aruba,ABW,2020,108587
Aruba,ABW,2019,109203
Aruba,ABW,2018,108908
Australia,AUS,2024,27196812
Australia,AUS,2023,26659922
Australia,AUS,2022,26018721
Australia,AUS,2021,25685412
Australia,AUS,2020,25649248
Australia,AUS,2019,25334826
Australia,AUS,2018,24963258
Austria,AUT,2024,9177982
Austria,AUT,2023,9131761
Austria,AUT,2022,9041851
Austria,AUT,2021,8955797
Austria,AUT,2020,8916864
Austria,AUT,2019,8879920
Austria,AUT,2018,8840521
Azerbaijan,AZE,2024,10202830
Azerbaijan,AZE,2023,10153958
Azerbaijan,AZE,2022,10141756
Azerbaijan,AZE,2021,10137750
Azerbaijan,AZE,2020,10093121
Azerbaijan,AZE,2019,10024283
Azerbaijan,AZE,2018,9939771
"Bahamas, The",BHS,2024,401283
"Bahamas, The",BHS,2023,399440
"Bahamas, The",BHS,2022,397538
"Bahamas, The",BHS,2021,396373
"Bahamas, The",BHS,2020,395863
"Bahamas, The",BHS,2019,394675
"Bahamas, The",BHS,2018,392717
Bahrain,BHR,2024,1588670
Bahrain,BHR,2023,1577059
Bahrain,BHR,2022,1524693
Bahrain,BHR,2021,1504365
Bahrain,BHR,2020,1472204
Bahrain,BHR,2019,1483756
Bahrain,BHR,2018,1503091
Bangladesh,BGD,2024,173562364
Bangladesh,BGD,2023,171466990
Bangladesh,BGD,2022,169384897
Bangladesh,BGD,2021,167658854
Bangladesh,BGD,2020,166298024
Bangladesh,BGD,2019,164913055
Bangladesh,BGD,2018,163523103
Barbados,BRB,2024,282467
Barbados,BRB,2023,282336
Barbados,BRB,2022,282318
Barbados,BRB,2021,282147
Barbados,BRB,2020,281698
Barbados,BRB,2019,281207
Barbados,BRB,2018,280711
Belarus,BLR,2024,9132629
Belarus,BLR,2023,9178298
Belarus,BLR,2022,9228071
Belarus,BLR,2021,9302585
Belarus,BLR,2020,9379952
Belarus,BLR,2019,9419758
Belarus,BLR,2018,9438785
Belgium,BEL,2024,11858610
Belgium,BEL,2023,11779946
Belgium,BEL,2022,11680210
Belgium,BEL,2021,11586195
Belgium,BEL,2020,11538604
Belgium,BEL,2019,11488980
Belgium,BEL,2018,11427054
Belize,BLZ,2024,417072
Belize,BLZ,2023,411106
Belize,BLZ,2022,402733
Belize,BLZ,2021,395346
Belize,BLZ,2020,390812
Belize,BLZ,2019,385829
Belize,BLZ,2018,380226
Benin,BEN,2024,14462724
Benin,BEN,2023,14111034
Benin,BEN,2022,13759501
Benin,BEN,2021,13413417
Benin,BEN,2020,13070169
Benin,BEN,2019,12726755
Benin,BEN,2018,12383347
Bermuda,BMU,2024,64636
Bermuda,BMU,2023,64698
Bermuda,BMU,2022,64749
Bermuda,BMU,2021,64648
Bermuda,BMU,2020,64382
Bermuda,BMU,2019,64107
Bermuda,BMU,2018,63831
Bhutan,BTN,2024,791524
Bhutan,BTN,2023,786385
Bhutan,BTN,2022,780914
Bhutan,BTN,2021,775442
Bhutan,BTN,2020,770006
Bhutan,BTN,2019,764824
Bhutan,BTN,2018,759759
Bolivia,BOL,2024,12413315
Bolivia,BOL,2023,12244159
Bolivia,BOL,2022,12077154
Bolivia,BOL,2021,11937360
Bolivia,BOL,2020,11816299
Bolivia,BOL,2019,11671386
Bolivia,BOL,2018,11508368
Bosnia and Herzegovina,BIH,2024,3164253
Bosnia and Herzegovina,BIH,2023,3185073
Bosnia and Herzegovina,BIH,2022,3204802
Bosnia and Herzegovina,BIH,2021,3244907
Bosnia and Herzegovina,BIH,2020,3299349
Bosnia and Herzegovina,BIH,2019,3345533
Bosnia and Herzegovina,BIH,2018,3387000
Botswana,BWA,2024,2521139
Botswana,BWA,2023,2480244
Botswana,BWA,2022,2439892
Botswana,BWA,2021,2401441
Botswana,BWA,2020,2365894
Botswana,BWA,2019,2332083
Botswana,BWA,2018,2299141
Brazil,BRA,2024,211998573
Brazil,BRA,2023,211140729
Brazil,BRA,2022,210306415
Brazil,BRA,2021,209550294
Brazil,BRA,2020,208660842
Brazil,BRA,2019,207455459
Brazil,BRA,2018,206107261
British Virgin Islands,VGB,2024,39471
British Virgin Islands,VGB,2023,38985
British Virgin Islands,VGB,2022,38319
British Virgin Islands,VGB,2021,37809
British Virgin Islands,VGB,2020,37135
British Virgin Islands,VGB,2019,36395
British Virgin Islands,VGB,2018,34657
Brunei Darussalam,BRN,2024,462721
Brunei Darussalam,BRN,2023,458949
Brunei Darussalam,BRN,2022,455370
Brunei Darussalam,BRN,2021,451721
Brunei Darussalam,BRN,2020,447404
Brunei Darussalam,BRN,2019,442680
Brunei Darussalam,BRN,2018,437810
Bulgaria,BGR,2024,6441421
Bulgaria,BGR,2023,6446596
Bulgaria,BGR,2022,6465097
Bulgaria,BGR,2021,6507301
Bulgaria,BGR,2020,6550696
Bulgaria,BGR,2019,6616726
Bulgaria,BGR,2018,6710798
Burkina Faso,BFA,2024,23548781
Burkina Faso,BFA,2023,23025776
Burkina Faso,BFA,2022,22509038
Burkina Faso,BFA,2021,21995243
Burkina Faso,BFA,2020,21478690
Burkina Faso,BFA,2019,20961952
Burkina Faso,BFA,2018,20438288
Burundi,BDI,2024,14047786
Burundi,BDI,2023,13689450
Burundi,BDI,2022,13321097
Burundi,BDI,2021,12965481
Burundi,BDI,2020,12617036
Burundi,BDI,2019,12255336
Burundi,BDI,2018,11859446
Cabo Verde,CPV,2024,524877
Cabo Verde,CPV,2023,522331
Cabo Verde,CPV,2022,519741
Cabo Verde,CPV,2021,516649
Cabo Verde,CPV,2020,514679
Cabo Verde,CPV,2019,514104
Cabo Verde,CPV,2018,513415
Cambodia,KHM,2024,17638801
Cambodia,KHM,2023,17423880
Cambodia,KHM,2022,17201724
Cambodia,KHM,2021,16974305
Cambodia,KHM,2020,16725474
Cambodia,KHM,2019,16481304
Cambodia,KHM,2018,16274522
Cameroon,CMR,2024,29123744
Cameroon,CMR,2023,28372687
Cameroon,CMR,2022,27632771
Cameroon,CMR,2021,26915758
Cameroon,CMR,2020,26210558
Cameroon,CMR,2019,25506095
Cameroon,CMR,2018,24806383
Canada,CAN,2024,41288599
Canada,CAN,2023,40083484
Canada,CAN,2022,38935934
Canada,CAN,2021,38239864
Canada,CAN,2020,38028638
Canada,CAN,2019,37618495
Canada,CAN,2018,37072620
Cayman Islands,CYM,2024,74457
Cayman Islands,CYM,2023,73038
Cayman Islands,CYM,2022,71591
Cayman Islands,CYM,2021,70108
Cayman Islands,CYM,2020,68684
Cayman Islands,CYM,2019,67327
Cayman Islands,CYM,2018,65941
Central African Republic,CAF,2024,5330690
Central African Republic,CAF,2023,5152421
Central African Republic,CAF,2022,5098039
Central African Republic,CAF,2021,5112100
Central African Republic,CAF,2020,5026628
Central African Republic,CAF,2019,4944703
Central African Republic,CAF,2018,4878657
Chad,TCD,2024,20299123
Chad,TCD,2023,19319064
Chad,TCD,2022,18455316
Chad,TCD,2021,17828273
Chad,TCD,2020,17224679
Chad,TCD,2019,16685223
Chad,TCD,2018,16156531
Channel Islands,CHI,2024,168126
Channel Islands,CHI,2023,167691
Channel Islands,CHI,2022,167215
Channel Islands,CHI,2021,166741
Channel Islands,CHI,2020,166235
Channel Islands,CHI,2019,165639
Channel Islands,CHI,2018,164949
Chile,CHL,2024,19764771
Chile,CHL,2023,19658835
Chile,CHL,2022,19553036
Chile,CHL,2021,19456334
Chile,CHL,2020,19370624
Chile,CHL,2019,19197744
Chile,CHL,2018,18893191
China,CHN,2024,1408975000
China,CHN,2023,1410710000
China,CHN,2022,1412175000
China,CHN,2021,1412360000
China,CHN,2020,1411100000
China,CHN,2019,1407745000
China,CHN,2018,1402760000
Colombia,COL,2024,52886363
Colombia,COL,2023,52321152
Colombia,COL,2022,51737944
Colombia,COL,2021,51188173
Colombia,COL,2020,50629997
Colombia,COL,2019,49907985
Colombia,COL,2018,49024465
Comoros,COM,2024,866628
Comoros,COM,2023,850387
Comoros,COM,2022,834188
Comoros,COM,2021,818174
Comoros,COM,2020,802163
Comoros,COM,2019,786578
Comoros,COM,2018,771590
"Congo, Dem. Rep.",COD,2024,109276265
"Congo, Dem. Rep.",COD,2023,105789731
"Congo, Dem. Rep.",COD,2022,102396968
"Congo, Dem. Rep.",COD,2021,99148932
"Congo, Dem. Rep.",COD,2020,95989998
"Congo, Dem. Rep.",COD,2019,92947442
"Congo, Dem. Rep.",COD,2018,90047644
"Congo, Rep.",COG,2024,6332961
"Congo, Rep.",COG,2023,6182885
"Congo, Rep.",COG,2022,6035104
"Congo, Rep.",COG,2021,5892183
"Congo, Rep.",COG,2020,5752791
"Congo, Rep.",COG,2019,5616661
"Congo, Rep.",COG,2018,5483118
Costa Rica,CRI,2024,5129910
Costa Rica,CRI,2023,5105525
Costa Rica,CRI,2022,5081765
Costa Rica,CRI,2021,5059988
Costa Rica,CRI,2020,5034320
Costa Rica,CRI,2019,4999553
Costa Rica,CRI,2018,4957818
Cote d'Ivoire,CIV,2024,31934230
Cote d'Ivoire,CIV,2023,31165654
Cote d'Ivoire,CIV,2022,30395002
Cote d'Ivoire,CIV,2021,29639736
Cote d'Ivoire,CIV,2020,28915449
Cote d'Ivoire,CIV,2019,28193009
Cote d'Ivoire,CIV,2018,27464173
Croatia,HRV,2024,3866200
Croatia,HRV,2023,3859686
Croatia,HRV,2022,3855641
Croatia,HRV,2021,3878981
Croatia,HRV,2020,3914206
Croatia,HRV,2019,3949390
Croatia,HRV,2018,3988775
Cuba,CUB,2024,10979783
Cuba,CUB,2023,11019931
Cuba,CUB,2022,11059820
Cuba,CUB,2021,11122168
Cuba,CUB,2020,11176354
Cuba,CUB,2019,11202846
Cuba,CUB,2018,11227118
Curacao,CUW,2024,155967
Curacao,CUW,2023,154654
Curacao,CUW,2022,153321
Curacao,CUW,2021,153948
Curacao,CUW,2020,155482
Curacao,CUW,2019,157441
Curacao,CUW,2018,159336
Cyprus,CYP,2024,1358282
Cyprus,CYP,2023,1344976
Cyprus,CYP,2022,1331370
Cyprus,CYP,2021,1317309
Cyprus,CYP,2020,1302247
Cyprus,CYP,2019,1286671
Cyprus,CYP,2018,1270737
Czechia,CZE,2024,10905028
Czechia,CZE,2023,10864042
Czechia,CZE,2022,10672118
Czechia,CZE,2021,10505772
Czechia,CZE,2020,10697858
Czechia,CZE,2019,10671870
Czechia,CZE,2018,10629928
Denmark,DNK,2024,5976992
Denmark,DNK,2023,5946952
Denmark,DNK,2022,5903037
Denmark,DNK,2021,5856733
Denmark,DNK,2020,5831404
Denmark,DNK,2019,5814422
Denmark,DNK,2018,5793636
Djibouti,DJI,2024,1168722
Djibouti,DJI,2023,1152944
Djibouti,DJI,2022,1137096
Djibouti,DJI,2021,1121248
Djibouti,DJI,2020,1105188
Djibouti,DJI,2019,1088709
Djibouti,DJI,2018,1071882
Dominica,DMA,2024,66205
Dominica,DMA,2023,66510
Dominica,DMA,2022,66826
Dominica,DMA,2021,67202
Dominica,DMA,2020,67573
Dominica,DMA,2019,67880
Dominica,DMA,2018,68174
Dominican Republic,DOM,2024,11427557
Dominican Republic,DOM,2023,11331265
Dominican Republic,DOM,2022,11230734
Dominican Republic,DOM,2021,11123476
Dominican Republic,DOM,2020,11008300
Dominican Republic,DOM,2019,10894043
Dominican Republic,DOM,2018,10782053
Ecuador,ECU,2024,18135478
Ecuador,ECU,2023,17980083
Ecuador,ECU,2022,17823897
Ecuador,ECU,2021,17682454
Ecuador,ECU,2020,17546065
Ecuador,ECU,2019,17340021
Ecuador,ECU,2018,17049547
"Egypt, Arab Rep.",EGY,2024,116538258
"Egypt, Arab Rep.",EGY,2023,114535772
"Egypt, Arab Rep.",EGY,2022,112618250
"Egypt, Arab Rep.",EGY,2021,110957008
"Egypt, Arab Rep.",EGY,2020,109315124
"Egypt, Arab Rep.",EGY,2019,107553158
"Egypt, Arab Rep.",EGY,2018,105682094
El Salvador,SLV,2024,6338193
El Salvador,SLV,2023,6309624
El Salvador,SLV,2022,6280319
El Salvador,SLV,2021,6255782
El Salvador,SLV,2020,6234673
El Salvador,SLV,2019,6222318
El Salvador,SLV,2018,6219807
Equatorial Guinea,GNQ,2024,1892516
Equatorial Guinea,GNQ,2023,1847549
Equatorial Guinea,GNQ,2022,1803545
Equatorial Guinea,GNQ,2021,1758786
Equatorial Guinea,GNQ,2020,1716468
Equatorial Guinea,GNQ,2019,1670177
Equatorial Guinea,GNQ,2018,1616422
Eritrea,ERI,2024,3535603
Eritrea,ERI,2023,3470390
Eritrea,ERI,2022,3409447
Eritrea,ERI,2021,3350183
Eritrea,ERI,2020,3291271
Eritrea,ERI,2019,3240194
Eritrea,ERI,2018,3192760
Estonia,EST,2024,1372341
Estonia,EST,2023,1370286
Estonia,EST,2022,1348840
Estonia,EST,2021,1330932
Estonia,EST,2020,1329522
Estonia,EST,2019,1326898
Estonia,EST,2018,1321977
Eswatini,SWZ,2024,1242822
Eswatini,SWZ,2023,1230506
Eswatini,SWZ,2022,1218917
Eswatini,SWZ,2021,1206593
Eswatini,SWZ,2020,1192729
Eswatini,SWZ,2019,1179874
Eswatini,SWZ,2018,1168929
Ethiopia,ETH,2024,132059767
Ethiopia,ETH,2023,128691692
Ethiopia,ETH,2022,125384287
Ethiopia,ETH,2021,122138588
Ethiopia,ETH,2020,118917671
Ethiopia,ETH,2019,115737383
Ethiopia,ETH,2018,112664152
Faroe Islands,FRO,2024,54681
Faroe Islands,FRO,2023,54414
Faroe Islands,FRO,2022,53912
Faroe Islands,FRO,2021,53296
Faroe Islands,FRO,2020,52565
Faroe Islands,FRO,2019,51792
Faroe Islands,FRO,2018,50996
Fiji,FJI,2024,928784
Fiji,FJI,2023,924145
Fiji,FJI,2022,919422
Fiji,FJI,2021,916711
Fiji,FJI,2020,914963
Fiji,FJI,2019,914899
Fiji,FJI,2018,917180
Finland,FIN,2024,5619911
Finland,FIN,2023,5583911
Finland,FIN,2022,5556106
Finland,FIN,2021,5541017
Finland,FIN,2020,5529543
Finland,FIN,2019,5521606
Finland,FIN,2018,5515525
France,FRA,2024,68551653
France,FRA,2023,68372286
France,FRA,2022,68184457
France,FRA,2021,67842811
France,FRA,2020,67601110
France,FRA,2019,67382061
France,FRA,2018,67158348
French Polynesia,PYF,2024,281807
French Polynesia,PYF,2023,281118
French Polynesia,PYF,2022,280378
French Polynesia,PYF,2021,279792
French Polynesia,PYF,2020,279209
French Polynesia,PYF,2019,279034
French Polynesia,PYF,2018,279815
Gabon,GAB,2024,2538952
Gabon,GAB,2023,2484789
Gabon,GAB,2022,2430747
Gabon,GAB,2021,2376722
Gabon,GAB,2020,2322539
Gabon,GAB,2019,2267706
Gabon,GAB,2018,2212318
"Gambia, The",GMB,2024,2759988
"Gambia, The",GMB,2023,2697845
"Gambia, The",GMB,2022,2636470
"Gambia, The",GMB,2021,2576010
"Gambia, The",GMB,2020,2515733
"Gambia, The",GMB,2019,2456844
"Gambia, The",GMB,2018,2399632
Georgia,GEO,2024,3699557
Georgia,GEO,2023,3715483
Georgia,GEO,2022,3712502
Georgia,GEO,2021,3708610
Georgia,GEO,2020,3722716
Georgia,GEO,2019,3720161
Georgia,GEO,2018,3726549
Germany,DEU,2024,83516593
Germany,DEU,2023,83287273
Germany,DEU,2022,83177813
Germany,DEU,2021,83196078
Germany,DEU,2020,83160871
Germany,DEU,2019,83092962
Germany,DEU,2018,82905782
Ghana,GHA,2024,34427414
Ghana,GHA,2023,33787914
Ghana,GHA,2022,33149152
Ghana,GHA,2021,32518665
Ghana,GHA,2020,31887809
Ghana,GHA,2019,31258945
Ghana,GHA,2018,30637585
Gibraltar,GIB,2024,39329
Gibraltar,GIB,2023,38471
Gibraltar,GIB,2022,37609
Gibraltar,GIB,2021,36858
Gibraltar,GIB,2020,36173
Gibraltar,GIB,2019,35494
Gibraltar,GIB,2018,34854
Greece,GRC,2024,10405134
Greece,GRC,2023,10407351
Greece,GRC,2022,10436882
Greece,GRC,2021,10569207
Greece,GRC,2020,10698599
Greece,GRC,2019,10721582
Greece,GRC,2018,10732882
Greenland,GRL,2024,56836
Greenland,GRL,2023,56865
Greenland,GRL,2022,56661
Greenland,GRL,2021,56653
Greenland,GRL,2020,56367
Greenland,GRL,2019,56225
Greenland,GRL,2018,56023
Grenada,GRD,2024,117207
Grenada,GRD,2023,117081
Grenada,GRD,2022,116913
Grenada,GRD,2021,116688
Grenada,GRD,2020,116341
Grenada,GRD,2019,115981
Grenada,GRD,2018,115691
Guam,GUM,2024,167777
Guam,GUM,2023,166506
Guam,GUM,2022,165180
Guam,GUM,2021,163730
Guam,GUM,2020,162158
Guam,GUM,2019,161808
Guam,GUM,2018,162679
Guatemala,GTM,2024,18406359
Guatemala,GTM,2023,18124838
Guatemala,GTM,2022,17847877
Guatemala,GTM,2021,17598650
Guatemala,GTM,2020,17357325
Guatemala,GTM,2019,17103803
Guatemala,GTM,2018,16845685
Guinea,GIN,2024,14754785
Guinea,GIN,2023,14405468
Guinea,GIN,2022,14055137
Guinea,GIN,2021,13710513
Guinea,GIN,2020,13371183
Guinea,GIN,2019,13034346
Guinea,GIN,2018,12704774
Guinea-Bissau,GNB,2024,2201352
Guinea-Bissau,GNB,2023,2153339
Guinea-Bissau,GNB,2022,2105529
Guinea-Bissau,GNB,2021,2058841
Guinea-Bissau,GNB,2020,2013255
Guinea-Bissau,GNB,2019,1967696
Guinea-Bissau,GNB,2018,1922168
Guyana,GUY,2024,831087
Guyana,GUY,2023,826353
Guyana,GUY,2022,821637
Guyana,GUY,2021,815482
Guyana,GUY,2020,807481
Guyana,GUY,2019,807665
Guyana,GUY,2018,791556
Haiti,HTI,2024,11772557
Haiti,HTI,2023,11637398
Haiti,HTI,2022,11503606
Haiti,HTI,2021,11374586
Haiti,HTI,2020,11243848
Haiti,HTI,2019,11105163
Haiti,HTI,2018,10962362
Honduras,HND,2024,10825703
Honduras,HND,2023,10644851
Honduras,HND,2022,10463872
Honduras,HND,2021,10289877
Honduras,HND,2020,10119640
Honduras,HND,2019,9943633
Honduras,HND,2018,9765210
"Hong Kong SAR, China",HKG,2024,7524100
"Hong Kong SAR, China",HKG,2023,7536100
"Hong Kong SAR, China",HKG,2022,7346100
"Hong Kong SAR, China",HKG,2021,7413100
"Hong Kong SAR, China",HKG,2020,7481000
"Hong Kong SAR, China",HKG,2019,7507900
"Hong Kong SAR, China",HKG,2018,7452600
Hungary,HUN,2024,9562065
Hungary,HUN,2023,9592186
Hungary,HUN,2022,9605074
Hungary,HUN,2021,9630932
Hungary,HUN,2020,9670419
Hungary,HUN,2019,9694824
Hungary,HUN,2018,9706964
Iceland,ISL,2024,386506
Iceland,ISL,2023,385663
Iceland,ISL,2022,382003
Iceland,ISL,2021,372520
Iceland,ISL,2020,366463
Iceland,ISL,2019,360563
Iceland,ISL,2018,352721
India,IND,2024,1450935791
India,IND,2023,1438069596
India,IND,2022,1425423212
India,IND,2021,1414203896
India,IND,2020,1402617695
India,IND,2019,1389030312
India,IND,2018,1374659064
Indonesia,IDN,2024,283487931
Indonesia,IDN,2023,281190067
Indonesia,IDN,2022,278830529
Indonesia,IDN,2021,276758053
Indonesia,IDN,2020,274814866
Indonesia,IDN,2019,272489381
Indonesia,IDN,2018,269951846
"Iran, Islamic Rep.",IRN,2024,91567738
"Iran, Islamic Rep.",IRN,2023,90608707
"Iran, Islamic Rep.",IRN,2022,89524246
"Iran, Islamic Rep.",IRN,2021,88455488
"Iran, Islamic Rep.",IRN,2020,87723443
"Iran, Islamic Rep.",IRN,2019,87051648
"Iran, Islamic Rep.",IRN,2018,86117998
Iraq,IRQ,2024,46042015
Iraq,IRQ,2023,45074049
Iraq,IRQ,2022,44070551
Iraq,IRQ,2021,43071211
Iraq,IRQ,2020,42116605
Iraq,IRQ,2019,41192171
Iraq,IRQ,2018,40265624
Ireland,IRL,2024,5395790
Ireland,IRL,2023,5311538
Ireland,IRL,2022,5212836
Ireland,IRL,2021,5110585
Ireland,IRL,2020,5039747
Ireland,IRL,2019,4976456
Ireland,IRL,2018,4898022
Isle of Man,IMN,2024,84160
Isle of Man,IMN,2023,84165
Isle of Man,IMN,2022,84132
Isle of Man,IMN,2021,84106
Isle of Man,IMN,2020,84064
Isle of Man,IMN,2019,83957
Isle of Man,IMN,2018,83805
Israel,ISR,2024,9974400
Israel,ISR,2023,9849000
Israel,ISR,2022,9557500
Israel,ISR,2021,9371400
Israel,ISR,2020,9215100
Israel,ISR,2019,9054000
Israel,ISR,2018,8882800
Italy,ITA,2024,58952704
Italy,ITA,2023,58984216
Italy,ITA,2022,59013667
Italy,ITA,2021,59133173
Italy,ITA,2020,59438851
Italy,ITA,2019,59729081
Italy,ITA,2018,60148658
Jamaica,JAM,2024,2839175
Jamaica,JAM,2023,2839786
Jamaica,JAM,2022,2839144
Jamaica,JAM,2021,2837682
Jamaica,JAM,2020,2830739
Jamaica,JAM,2019,2823271
Jamaica,JAM,2018,2820097
Japan,JPN,2024,123975371
Japan,JPN,2023,124516650
Japan,JPN,2022,125124989
Japan,JPN,2021,125681593
Japan,JPN,2020,126261000
Japan,JPN,2019,126633000
Japan,JPN,2018,126811000
Jordan,JOR,2024,11552876
Jordan,JOR,2023,11439213
Jordan,JOR,2022,11256263
Jordan,JOR,2021,11066356
Jordan,JOR,2020,10865228
Jordan,JOR,2019,10671891
Jordan,JOR,2018,10462306
Kazakhstan,KAZ,2024,20592571
Kazakhstan,KAZ,2023,20330104
Kazakhstan,KAZ,2022,20034609
Kazakhstan,KAZ,2021,19743603
Kazakhstan,KAZ,2020,19482117
Kazakhstan,KAZ,2019,19209555
Kazakhstan,KAZ,2018,18932727
Kenya,KEN,2024,56432944
Kenya,KEN,2023,55339003
Kenya,KEN,2022,54252461
Kenya,KEN,2021,53219166
Kenya,KEN,2020,52217334
Kenya,KEN,2019,51202827
Kenya,KEN,2018,50207107
Kiribati,KIR,2024,134518
Kiribati,KIR,2023,132530
Kiribati,KIR,2022,130469
Kiribati,KIR,2021,128377
Kiribati,KIR,2020,126099
Kiribati,KIR,2019,123921
Kiribati,KIR,2018,122084
"Korea, Dem. People's Rep.",PRK,2024,26498823
"Korea, Dem. People's Rep.",PRK,2023,26418204
"Korea, Dem. People's Rep.",PRK,2022,26328845
"Korea, Dem. People's Rep.",PRK,2021,26232534
"Korea, Dem. People's Rep.",PRK,2020,26136312
"Korea, Dem. People's Rep.",PRK,2019,26037632
"Korea, Dem. People's Rep.",PRK,2018,25931147
"Korea, Rep.",KOR,2024,51751065
"Korea, Rep.",KOR,2023,51712619
"Korea, Rep.",KOR,2022,51672569
"Korea, Rep.",KOR,2021,51769539
"Korea, Rep.",KOR,2020,51836239
"Korea, Rep.",KOR,2019,51764822
"Korea, Rep.",KOR,2018,51585058
Kosovo,XKX,2024,1594353
Kosovo,XKX,2023,1682668
Kosovo,XKX,2022,1768096
Kosovo,XKX,2021,1786079
Kosovo,XKX,2020,1790151
Kosovo,XKX,2019,1788891
Kosovo,XKX,2018,1797086
Kuwait,KWT,2024,4897263
Kuwait,KWT,2023,4853420
Kuwait,KWT,2022,4589643
Kuwait,KWT,2021,4360865
Kuwait,KWT,2020,4400267
Kuwait,KWT,2019,4442316
Kuwait,KWT,2018,4323515
Kyrgyz Republic,KGZ,2024,7221868
Kyrgyz Republic,KGZ,2023,7099750
Kyrgyz Republic,KGZ,2022,6975220
Kyrgyz Republic,KGZ,2021,6851224
Kyrgyz Republic,KGZ,2020,6726596
Kyrgyz Republic,KGZ,2019,6590211
Kyrgyz Republic,KGZ,2018,6444079
Lao PDR,LAO,2024,7769819
Lao PDR,LAO,2023,7664993
Lao PDR,LAO,2022,7559007
Lao PDR,LAO,2021,7453194
Lao PDR,LAO,2020,7346533
Lao PDR,LAO,2019,7237636
Lao PDR,LAO,2018,7128045
Latvia,LVA,2024,1866124
Latvia,LVA,2023,1883710
Latvia,LVA,2022,1879383
Latvia,LVA,2021,1884490
Latvia,LVA,2020,1900449
Latvia,LVA,2019,1913822
Latvia,LVA,2018,1927174
Lebanon,LBN,2024,5805962
Lebanon,LBN,2023,5773493
Lebanon,LBN,2022,5744489
Lebanon,LBN,2021,5718122
Lebanon,LBN,2020,5702398
Lebanon,LBN,2019,5794594
Lebanon,LBN,2018,5984119
Lesotho,LSO,2024,2337423
Lesotho,LSO,2023,2311472
Lesotho,LSO,2022,2286110
Lesotho,LSO,2021,2261542
Lesotho,LSO,2020,2235727
Lesotho,LSO,2019,2209405
Lesotho,LSO,2018,2183603
Liberia,LBR,2024,5612817
Liberia,LBR,2023,5493031
Liberia,LBR,2022,5373294
Liberia,LBR,2021,5259323
Liberia,LBR,2020,5149463
Liberia,LBR,2019,5043721
Liberia,LBR,2018,4944726
Libya,LBY,2024,7381023
Libya,LBY,2023,7305659
Libya,LBY,2022,7223805
Libya,LBY,2021,7135175
Libya,LBY,2020,7045399
Libya,LBY,2019,6951033
Libya,LBY,2018,6849055
Liechtenstein,LIE,2024,40450
Liechtenstein,LIE,2023,39846
Liechtenstein,LIE,2022,39493
Liechtenstein,LIE,2021,39182
Liechtenstein,LIE,2020,38901
Liechtenstein,LIE,2019,38563
Liechtenstein,LIE,2018,38246
Lithuania,LTU,2024,2888278
Lithuania,LTU,2023,2871585
Lithuania,LTU,2022,2831639
Lithuania,LTU,2021,2808380
Lithuania,LTU,2020,2810369
Lithuania,LTU,2019,2811089
Lithuania,LTU,2018,2819200
Luxembourg,LUX,2024,677012
Luxembourg,LUX,2023,666430
Luxembourg,LUX,2022,653103
Luxembourg,LUX,2021,640064
Luxembourg,LUX,2020,630419
Luxembourg,LUX,2019,620001
Luxembourg,LUX,2018,607950
"Macao SAR, China",MAC,2024,687000
"Macao SAR, China",MAC,2023,678800
"Macao SAR, China",MAC,2022,677300
"Macao SAR, China",MAC,2021,682500
"Macao SAR, China",MAC,2020,685400
"Macao SAR, China",MAC,2019,672000
"Macao SAR, China",MAC,2018,658900
Madagascar,MDG,2024,31964956
Madagascar,MDG,2023,31195932
Madagascar,MDG,2022,30437261
Madagascar,MDG,2021,29691083
Madagascar,MDG,2020,28953556
Madagascar,MDG,2019,28219554
Madagascar,MDG,2018,27494926
Malawi,MWI,2024,21655286
Malawi,MWI,2023,21104482
Malawi,MWI,2022,20568728
Malawi,MWI,2021,20047258
Malawi,MWI,2020,19533888
Malawi,MWI,2019,19025752
Malawi,MWI,2018,18528081
Malaysia,MYS,2024,35557673
Malaysia,MYS,2023,35126298
Malaysia,MYS,2022,34695493
Malaysia,MYS,2021,34282399
Malaysia,MYS,2020,33889558
Malaysia,MYS,2019,33440596
Malaysia,MYS,2018,32910967
Maldives,MDV,2024,527799
Maldives,MDV,2023,525994
Maldives,MDV,2022,524106
Maldives,MDV,2021,516154
Maldives,MDV,2020,502118
Maldives,MDV,2019,487731
Maldives,MDV,2018,473099
Mali,MLI,2024,24478595
Mali,MLI,2023,23769127
Mali,MLI,2022,23072640
Mali,MLI,2021,22388630
Mali,MLI,2020,21713836
Mali,MLI,2019,21068405
Mali,MLI,2018,20442030
Malta,MLT,2024,568847
Malta,MLT,2023,552747
Malta,MLT,2022,531113
Malta,MLT,2021,518150
Malta,MLT,2020,515490
Malta,MLT,2019,503912
Malta,MLT,2018,483903
Marshall Islands,MHL,2024,37548
Marshall Islands,MHL,2023,38827
Marshall Islands,MHL,2022,40077
Marshall Islands,MHL,2021,41367
Marshall Islands,MHL,2020,42706
Marshall Islands,MHL,2019,44007
Marshall Islands,MHL,2018,45285
Mauritania,MRT,2024,5169395
Mauritania,MRT,2023,5022441
Mauritania,MRT,2022,4875637
Mauritania,MRT,2021,4734874
Mauritania,MRT,2020,4600131
Mauritania,MRT,2019,4467708
Mauritania,MRT,2018,4337685
Mauritius,MUS,2024,1245779
Mauritius,MUS,2023,1248647
Mauritius,MUS,2022,1262523
Mauritius,MUS,2021,1266334
Mauritius,MUS,2020,1266014
Mauritius,MUS,2019,1265985
Mauritius,MUS,2018,1265577
Mexico,MEX,2024,130861007
Mexico,MEX,2023,129739759
Mexico,MEX,2022,128613117
Mexico,MEX,2021,127648148
Mexico,MEX,2020,126799054
Mexico,MEX,2019,125762982
Mexico,MEX,2018,124573711
"Micronesia, Fed. Sts.",FSM,2024,113160
"Micronesia, Fed. Sts.",FSM,2023,112630
"Micronesia, Fed. Sts.",FSM,2022,112114
"Micronesia, Fed. Sts.",FSM,2021,111624
"Micronesia, Fed. Sts.",FSM,2020,110916
"Micronesia, Fed. Sts.",FSM,2019,110282
"Micronesia, Fed. Sts.",FSM,2018,109909
Moldova,MDA,2024,2402306
Moldova,MDA,2023,2457783
Moldova,MDA,2022,2528654
Moldova,MDA,2021,2595809
Moldova,MDA,2020,2635130
Moldova,MDA,2019,2664224
Moldova,MDA,2018,2707203
Monaco,MCO,2024,38631
Monaco,MCO,2023,38956
Monaco,MCO,2022,38931
Monaco,MCO,2021,38527
Monaco,MCO,2020,38050
Monaco,MCO,2019,38109
Monaco,MCO,2018,38154
Mongolia,MNG,2024,3524788
Mongolia,MNG,2023,3481145
Mongolia,MNG,2022,3433748
Mongolia,MNG,2021,3383741
Mongolia,MNG,2020,3327204
Mongolia,MNG,2019,3267673
Mongolia,MNG,2018,3208189
Montenegro,MNE,2024,623525
Montenegro,MNE,2023,623529
Montenegro,MNE,2022,623591
Montenegro,MNE,2021,625053
Montenegro,MNE,2020,626590
Montenegro,MNE,2019,626753
Montenegro,MNE,2018,626438
Morocco,MAR,2024,38081173
Morocco,MAR,2023,37712505
Morocco,MAR,2022,37329064
Morocco,MAR,2021,36954442
Morocco,MAR,2020,36584208
Morocco,MAR,2019,36210898
Morocco,MAR,2018,35839760
Mozambique,MOZ,2024,34631766
Mozambique,MOZ,2023,33635160
Mozambique,MOZ,2022,32656246
Mozambique,MOZ,2021,31707800
Mozambique,MOZ,2020,30783688
Mozambique,MOZ,2019,29884380
Mozambique,MOZ,2018,29018644
Myanmar,MMR,2024,54500091
Myanmar,MMR,2023,54133798
Myanmar,MMR,2022,53756787
Myanmar,MMR,2021,53387102
Myanmar,MMR,2020,53016522
Myanmar,MMR,2019,52640713
Myanmar,MMR,2018,52272247
Namibia,NAM,2024,3030131
Namibia,NAM,2023,2963095
Namibia,NAM,2022,2889662
Namibia,NAM,2021,2810548
Namibia,NAM,2020,2728762
Namibia,NAM,2019,2650494
Namibia,NAM,2018,2577327
Nauru,NRU,2024,11947
Nauru,NRU,2023,11875
Nauru,NRU,2022,11801
Nauru,NRU,2021,11709
Nauru,NRU,2020,11643
Nauru,NRU,2019,11587
Nauru,NRU,2018,11477
Nepal,NPL,2024,29651054
Nepal,NPL,2023,29694614
Nepal,NPL,2022,29715436
Nepal,NPL,2021,29475010
Nepal,NPL,2020,28966574
Nepal,NPL,2019,28414064
Nepal,NPL,2018,28079689
Netherlands,NLD,2024,17993485
Netherlands,NLD,2023,17877117
Netherlands,NLD,2022,17700982
Netherlands,NLD,2021,17533044
Netherlands,NLD,2020,17441500
Netherlands,NLD,2019,17344874
Netherlands,NLD,2018,17231624
New Caledonia,NCL,2024,292639
New Caledonia,NCL,2023,289870
New Caledonia,NCL,2022,287123
New Caledonia,NCL,2021,285214
New Caledonia,NCL,2020,284176
New Caledonia,NCL,2019,283606
New Caledonia,NCL,2018,283541
New Zealand,NZL,2024,5287500
New Zealand,NZL,2023,5200000
New Zealand,NZL,2022,5081700
New Zealand,NZL,2021,5084600
New Zealand,NZL,2020,5072400
New Zealand,NZL,2019,4970300
New Zealand,NZL,2018,4900600
Nicaragua,NIC,2024,6916140
Nicaragua,NIC,2023,6823613
Nicaragua,NIC,2022,6730654
Nicaragua,NIC,2021,6644741
Nicaragua,NIC,2020,6565267
Nicaragua,NIC,2019,6483657
Nicaragua,NIC,2018,6400080
Niger,NER,2024,27032412
Niger,NER,2023,26159867
Niger,NER,2022,25311973
Niger,NER,2021,24502140
Niger,NER,2020,23717613
Niger,NER,2019,22947757
Niger,NER,2018,22188069
Nigeria,NGA,2024,232679478
Nigeria,NGA,2023,227882945
Nigeria,NGA,2022,223150896
Nigeria,NGA,2021,218529286
Nigeria,NGA,2020,213996181
Nigeria,NGA,2019,209485641
Nigeria,NGA,2018,204938755
North Macedonia,MKD,2024,1824359
North Macedonia,MKD,2023,1827816
North Macedonia,MKD,2022,1831712
North Macedonia,MKD,2021,1837114
North Macedonia,MKD,2020,1856124
North Macedonia,MKD,2019,1876262
North Macedonia,MKD,2018,1889051
Northern Mariana Islands,MNP,2024,44278
Northern Mariana Islands,MNP,2023,45143
Northern Mariana Islands,MNP,2022,46078
Northern Mariana Islands,MNP,2021,46979
Northern Mariana Islands,MNP,2020,47528
Northern Mariana Islands,MNP,2019,48129
Northern Mariana Islands,MNP,2018,49077
Norway,NOR,2024,5572279
Norway,NOR,2023,5519601
Norway,NOR,2022,5457127
Norway,NOR,2021,5408320
Norway,NOR,2020,5379475
Norway,NOR,2019,5347896
Norway,NOR,2018,5311916
Oman,OMN,2024,5281538
Oman,OMN,2023,5049269
Oman,OMN,2022,4730226
Oman,OMN,2021,4500424
Oman,OMN,2020,4522497
Oman,OMN,2019,4591241
Oman,OMN,2018,4597877
Pakistan,PAK,2024,251269164
Pakistan,PAK,2023,247504495
Pakistan,PAK,2022,243700667
Pakistan,PAK,2021,239477801
Pakistan,PAK,2020,235001746
Pakistan,PAK,2019,230800899
Pakistan,PAK,2018,226928892
Palau,PLW,2024,17695
Palau,PLW,2023,17727
Palau,PLW,2022,17759
Palau,PLW,2021,17783
Palau,PLW,2020,17792
Palau,PLW,2019,17798
Palau,PLW,2018,17814
Panama,PAN,2024,4515577
Panama,PAN,2023,4458759
Panama,PAN,2022,4400773
Panama,PAN,2021,4345405
Panama,PAN,2020,4293261
Panama,PAN,2019,4234700
Panama,PAN,2018,4167860
Papua New Guinea,PNG,2024,10576502
Papua New Guinea,PNG,2023,10389635
Papua New Guinea,PNG,2022,10203169
Papua New Guinea,PNG,2021,10012896
Papua New Guinea,PNG,2020,9815746
Papua New Guinea,PNG,2019,9609010
Papua New Guinea,PNG,2018,9394513
Paraguay,PRY,2024,6929153
Paraguay,PRY,2023,6844146
Paraguay,PRY,2022,6760464
Paraguay,PRY,2021,6684182
Paraguay,PRY,2020,6603739
Paraguay,PRY,2019,6515058
Paraguay,PRY,2018,6427382
Peru,PER,2024,34217848
Peru,PER,2023,33845617
Peru,PER,2022,33475438
Peru,PER,2021,33155882
Peru,PER,2020,32838579
Peru,PER,2019,32449303
Peru,PER,2018,31897584
Philippines,PHL,2024,115843670
Philippines,PHL,2023,114891199
Philippines,PHL,2022,113964338
Philippines,PHL,2021,113100950
Philippines,PHL,2020,112081264
Philippines,PHL,2019,110804683
Philippines,PHL,2018,109465287
Poland,POL,2024,36559233
Poland,POL,2023,36687353
Poland,POL,2022,36821749
Poland,POL,2021,36981559
Poland,POL,2020,37515748
Poland,POL,2019,37965475
Poland,POL,2018,37974750
Portugal,PRT,2024,10694681
Portugal,PRT,2023,10578174
Portugal,PRT,2022,10434332
Portugal,PRT,2021,10361831
Portugal,PRT,2020,10297081
Portugal,PRT,2019,10286263
Portugal,PRT,2018,10283822
Puerto Rico (US),PRI,2024,3203295
Puerto Rico (US),PRI,2023,3203792
Puerto Rico (US),PRI,2022,3220137
Puerto Rico (US),PRI,2021,3262711
Puerto Rico (US),PRI,2020,3281590
Puerto Rico (US),PRI,2019,3302691
Puerto Rico (US),PRI,2018,3290690
Qatar,QAT,2024,2857822
Qatar,QAT,2023,2656032
Qatar,QAT,2022,2657333
Qatar,QAT,2021,2504910
Qatar,QAT,2020,2794148
Qatar,QAT,2019,2638657
Qatar,QAT,2018,2580734
Romania,ROU,2024,19051804
Romania,ROU,2023,19061062
Romania,ROU,2022,19048502
Romania,ROU,2021,19122059
Romania,ROU,2020,19265250
Romania,ROU,2019,19371648
Romania,ROU,2018,19473970
Russian Federation,RUS,2024,143533851
Russian Federation,RUS,2023,143826130
Russian Federation,RUS,2022,144236933
Russian Federation,RUS,2021,144746762
Russian Federation,RUS,2020,145245148
Russian Federation,RUS,2019,145453291
Russian Federation,RUS,2018,145398106
Rwanda,RWA,2024,14256567
Rwanda,RWA,2023,13954471
Rwanda,RWA,2022,13651030
Rwanda,RWA,2021,13355260
Rwanda,RWA,2020,13065837
Rwanda,RWA,2019,12776103
Rwanda,RWA,2018,12487996
Samoa,WSM,2024,218019
Samoa,WSM,2023,216663
Samoa,WSM,2022,215261
Samoa,WSM,2021,213779
Samoa,WSM,2020,211944
Samoa,WSM,2019,209780
Samoa,WSM,2018,207582
San Marino,SMR,2024,33977
San Marino,SMR,2023,33860
San Marino,SMR,2022,33755
San Marino,SMR,2021,34252
San Marino,SMR,2020,34770
San Marino,SMR,2019,34663
San Marino,SMR,2018,34522
Sao Tome and Principe,STP,2024,235536
Sao Tome and Principe,STP,2023,230871
Sao Tome and Principe,STP,2022,226305
Sao Tome and Principe,STP,2021,221961
Sao Tome and Principe,STP,2020,217435
Sao Tome and Principe,STP,2019,213392
Sao Tome and Principe,STP,2018,210187
Saudi Arabia,SAU,2024,35300280
Saudi Arabia,SAU,2023,33702731
Saudi Arabia,SAU,2022,32175224
Saudi Arabia,SAU,2021,30784383
Saudi Arabia,SAU,2020,31552510
Saudi Arabia,SAU,2019,30063799
Saudi Arabia,SAU,2018,30196281
Senegal,SEN,2024,18501984
Senegal,SEN,2023,18077573
Senegal,SEN,2022,17651103
Senegal,SEN,2021,17220867
Senegal,SEN,2020,16789219
Senegal,SEN,2019,16352922
Senegal,SEN,2018,15914498
Serbia,SRB,2024,6586476
Serbia,SRB,2023,6623183
Serbia,SRB,2022,6664449
Serbia,SRB,2021,6834326
Serbia,SRB,2020,6899126
Serbia,SRB,2019,6945235
Serbia,SRB,2018,6982604
Seychelles,SYC,2024,121354
Seychelles,SYC,2023,119773
Seychelles,SYC,2022,119878
Seychelles,SYC,2021,99258
Seychelles,SYC,2020,98462
Seychelles,SYC,2019,97625
Seychelles,SYC,2018,96762
Sierra Leone,SLE,2024,8642022
Sierra Leone,SLE,2023,8460512
Sierra Leone,SLE,2022,8276807
Sierra Leone,SLE,2021,8094602
Sierra Leone,SLE,2020,7912558
Sierra Leone,SLE,2019,7731991
Sierra Leone,SLE,2018,7554563
Singapore,SGP,2024,6036860
Singapore,SGP,2023,5917648
Singapore,SGP,2022,5637022
Singapore,SGP,2021,5453566
Singapore,SGP,2020,5685807
Singapore,SGP,2019,5703569
Singapore,SGP,2018,5638676
Sint Maarten (Dutch part),SXM,2024,43350
Sint Maarten (Dutch part),SXM,2023,42749
Sint Maarten (Dutch part),SXM,2022,42139
Sint Maarten (Dutch part),SXM,2021,41571
Sint Maarten (Dutch part),SXM,2020,41008
Sint Maarten (Dutch part),SXM,2019,40385
Sint Maarten (Dutch part),SXM,2018,39712
Slovak Republic,SVK,2024,5422069
Slovak Republic,SVK,2023,5426740
Slovak Republic,SVK,2022,5431752
Slovak Republic,SVK,2021,5447247
Slovak Republic,SVK,2020,5458827
Slovak Republic,SVK,2019,5454147
Slovak Republic,SVK,2018,5446771
Slovenia,SVN,2024,2127400
Slovenia,SVN,2023,2120461
Slovenia,SVN,2022,2112076
Slovenia,SVN,2021,2108079
Slovenia,SVN,2020,2102419
Slovenia,SVN,2019,2088385
Slovenia,SVN,2018,2073894
Solomon Islands,SLB,2024,819198
Solomon Islands,SLB,2023,800005
Solomon Islands,SLB,2022,781066
Solomon Islands,SLB,2021,762591
Solomon Islands,SLB,2020,744498
Solomon Islands,SLB,2019,728147
Solomon Islands,SLB,2018,709101
"Somalia, Fed. Rep.",SOM,2024,19009151
"Somalia, Fed. Rep.",SOM,2023,18358615
"Somalia, Fed. Rep.",SOM,2022,17801897
"Somalia, Fed. Rep.",SOM,2021,17271431
"Somalia, Fed. Rep.",SOM,2020,16651191
"Somalia, Fed. Rep.",SOM,2019,16030971
"Somalia, Fed. Rep.",SOM,2018,15452487
South Africa,ZAF,2024,64007187
South Africa,ZAF,2023,63212384
South Africa,ZAF,2022,62378410
South Africa,ZAF,2021,61502603
South Africa,ZAF,2020,60562381
South Africa,ZAF,2019,59587885
South Africa,ZAF,2018,58613001
South Sudan,SSD,2024,11943408
South Sudan,SSD,2023,11483374
South Sudan,SSD,2022,11021177
South Sudan,SSD,2021,10865780
South Sudan,SSD,2020,10698467
South Sudan,SSD,2019,10423384
South Sudan,SSD,2018,10122977
Spain,ESP,2024,48848840
Spain,ESP,2023,48352528
Spain,ESP,2022,47786102
Spain,ESP,2021,47443821
Spain,ESP,2020,47359424
Spain,ESP,2019,47118501
Spain,ESP,2018,46782011
Sri Lanka,LKA,2024,21916000
Sri Lanka,LKA,2023,22037000
Sri Lanka,LKA,2022,22181000
Sri Lanka,LKA,2021,22156000
Sri Lanka,LKA,2020,21919000
Sri Lanka,LKA,2019,21803000
Sri Lanka,LKA,2018,21670000
St. Kitts and Nevis,KNA,2024,46843
St. Kitts and Nevis,KNA,2023,46758
St. Kitts and Nevis,KNA,2022,46709
St. Kitts and Nevis,KNA,2021,46763
St. Kitts and Nevis,KNA,2020,46870
St. Kitts and Nevis,KNA,2019,46952
St. Kitts and Nevis,KNA,2018,47008
St. Lucia,LCA,2024,179744
St. Lucia,LCA,2023,179285
St. Lucia,LCA,2022,178781
St. Lucia,LCA,2021,178522
St. Lucia,LCA,2020,178250
St. Lucia,LCA,2019,177661
St. Lucia,LCA,2018,177017
St. Martin (French part),MAF,2024,26129
St. Martin (French part),MAF,2023,27515
St. Martin (French part),MAF,2022,28870
St. Martin (French part),MAF,2021,29961
St. Martin (French part),MAF,2020,31786
St. Martin (French part),MAF,2019,34267
St. Martin (French part),MAF,2018,36012
St. Vincent and the Grenadines,VCT,2024,100616
St. Vincent and the Grenadines,VCT,2023,101323
St. Vincent and the Grenadines,VCT,2022,102046
St. Vincent and the Grenadines,VCT,2021,102841
St. Vincent and the Grenadines,VCT,2020,103526
St. Vincent and the Grenadines,VCT,2019,104167
St. Vincent and the Grenadines,VCT,2018,104926
Sudan,SDN,2024,50448963
Sudan,SDN,2023,50042791
Sudan,SDN,2022,49383346
Sudan,SDN,2021,48066924
Sudan,SDN,2020,46789231
Sudan,SDN,2019,45548175
Sudan,SDN,2018,44230596
Suriname,SUR,2024,634431
Suriname,SUR,2023,628886
Suriname,SUR,2022,623164
Suriname,SUR,2021,617896
Suriname,SUR,2020,612317
Suriname,SUR,2019,605768
Suriname,SUR,2018,599513
Sweden,SWE,2024,10569709
Sweden,SWE,2023,10536632
Sweden,SWE,2022,10486941
Sweden,SWE,2021,10415811
Sweden,SWE,2020,10353442
Sweden,SWE,2019,10278887
Sweden,SWE,2018,10175214
Switzerland,CHE,2024,9005582
Switzerland,CHE,2023,8888822
Switzerland,CHE,2022,8777088
Switzerland,CHE,2021,8704546
Switzerland,CHE,2020,8638167
Switzerland,CHE,2019,8575280
Switzerland,CHE,2018,8514329
Syrian Arab Republic,SYR,2024,24672760
Syrian Arab Republic,SYR,2023,23594623
Syrian Arab Republic,SYR,2022,22462173
Syrian Arab Republic,SYR,2021,21628839
Syrian Arab Republic,SYR,2020,21049429
Syrian Arab Republic,SYR,2019,20353534
Syrian Arab Republic,SYR,2018,19577845
Tajikistan,TJK,2024,10590927
Tajikistan,TJK,2023,10389799
Tajikistan,TJK,2022,10182222
Tajikistan,TJK,2021,9966908
Tajikistan,TJK,2020,9749310
Tajikistan,TJK,2019,9529966
Tajikistan,TJK,2018,9307333
Tanzania,TZA,2024,68560157
Tanzania,TZA,2023,66617606
Tanzania,TZA,2022,64711821
Tanzania,TZA,2021,62830412
Tanzania,TZA,2020,60972798
Tanzania,TZA,2019,59174891
Tanzania,TZA,2018,57437145
Thailand,THA,2024,71668011
Thailand,THA,2023,71702435
Thailand,THA,2022,71735329
Thailand,THA,2021,71727332
Thailand,THA,2020,71641484
Thailand,THA,2019,71522271
Thailand,THA,2018,71376079
Timor-Leste,TLS,2024,1400638
Timor-Leste,TLS,2023,1384286
Timor-Leste,TLS,2022,1369295
Timor-Leste,TLS,2021,1350139
Timor-Leste,TLS,2020,1326053
Timor-Leste,TLS,2019,1300945
Timor-Leste,TLS,2018,1275959
Togo,TGO,2024,9515236
Togo,TGO,2023,9304337
Togo,TGO,2022,9089738
Togo,TGO,2021,8878379
Togo,TGO,2020,8669720
Togo,TGO,2019,8463068
Togo,TGO,2018,8258778
Tonga,TON,2024,104175
Tonga,TON,2023,104597
Tonga,TON,2022,105042
Tonga,TON,2021,105490
Tonga,TON,2020,105704
Tonga,TON,2019,105669
Tonga,TON,2018,105567
Trinidad and Tobago,TTO,2024,1368333
Trinidad and Tobago,TTO,2023,1367510
Trinidad and Tobago,TTO,2022,1365805
Trinidad and Tobago,TTO,2021,1367558
Trinidad and Tobago,TTO,2020,1366725
Trinidad and Tobago,TTO,2019,1363985
Trinidad and Tobago,TTO,2018,1359193
Tunisia,TUN,2024,12277109
Tunisia,TUN,2023,12200431
Tunisia,TUN,2022,12119334
Tunisia,TUN,2021,12048622
Tunisia,TUN,2020,11974057
Tunisia,TUN,2019,11875081
Tunisia,TUN,2018,11765514
Turkiye,TUR,2024,85518661
Turkiye,TUR,2023,85325965
Turkiye,TUR,2022,84979913
Turkiye,TUR,2021,84147318
Turkiye,TUR,2020,83384680
Turkiye,TUR,2019,82579440
Turkiye,TUR,2018,81407204
Turkmenistan,TKM,2024,7494498
Turkmenistan,TKM,2023,7364438
Turkmenistan,TKM,2022,7230193
Turkmenistan,TKM,2021,7092043
Turkmenistan,TKM,2020,6949912
Turkmenistan,TKM,2019,6803944
Turkmenistan,TKM,2018,6655524
Turks and Caicos Islands,TCA,2024,46535
Turks and Caicos Islands,TCA,2023,46198
Turks and Caicos Islands,TCA,2022,45847
Turks and Caicos Islands,TCA,2021,45243
Turks and Caicos Islands,TCA,2020,44386
Turks and Caicos Islands,TCA,2019,43166
Turks and Caicos Islands,TCA,2018,41559
Tuvalu,TUV,2024,9646
Tuvalu,TUV,2023,9816
Tuvalu,TUV,2022,9992
Tuvalu,TUV,2021,10194
Tuvalu,TUV,2020,10399
Tuvalu,TUV,2019,10581
Tuvalu,TUV,2018,10751
Uganda,UGA,2024,50015092
Uganda,UGA,2023,48656601
Uganda,UGA,2022,47312719
Uganda,UGA,2021,45910930
Uganda,UGA,2020,44457152
Uganda,UGA,2019,42999637
Uganda,UGA,2018,41565831
Ukraine,UKR,2024,37860221
Ukraine,UKR,2023,37732836
Ukraine,UKR,2022,41048766
Ukraine,UKR,2021,44298640
Ukraine,UKR,2020,44680014
Ukraine,UKR,2019,44957458
Ukraine,UKR,2018,45208907
United Arab Emirates,ARE,2024,10986400
United Arab Emirates,ARE,2023,10483751
United Arab Emirates,ARE,2022,10074977
United Arab Emirates,ARE,2021,9575152
United Arab Emirates,ARE,2020,9401038
United Arab Emirates,ARE,2019,9445785
United Arab Emirates,ARE,2018,9346701
United Kingdom,GBR,2024,69226000
United Kingdom,GBR,2023,68492000
United Kingdom,GBR,2022,67604000
United Kingdom,GBR,2021,66984000
United Kingdom,GBR,2020,66744000
United Kingdom,GBR,2019,66631000
United Kingdom,GBR,2018,66289000
United States,USA,2024,340110988
United States,USA,2023,336806231
United States,USA,2022,334017321
United States,USA,2021,332099760
United States,USA,2020,331577720
United States,USA,2019,330226227
United States,USA,2018,328529577
Uruguay,URY,2024,3386588
Uruguay,URY,2023,3388081
Uruguay,URY,2022,3390913
Uruguay,URY,2021,3396695
Uruguay,URY,2020,3398968
Uruguay,URY,2019,3397206
Uruguay,URY,2018,3394534
Uzbekistan,UZB,2024,36361859
Uzbekistan,UZB,2023,35652307
Uzbekistan,UZB,2022,34938955
Uzbekistan,UZB,2021,34243696
Uzbekistan,UZB,2020,33586372
Uzbekistan,UZB,2019,32964701
Uzbekistan,UZB,2018,32373490
Vanuatu,VUT,2024,327777
Vanuatu,VUT,2023,320409
Vanuatu,VUT,2022,313046
Vanuatu,VUT,2021,305868
Vanuatu,VUT,2020,298858
Vanuatu,VUT,2019,291985
Vanuatu,VUT,2018,285259
"Venezuela, RB",VEN,2024,28405543
"Venezuela, RB",VEN,2023,28300854
"Venezuela, RB",VEN,2022,28213017
"Venezuela, RB",VEN,2021,28237826
"Venezuela, RB",VEN,2020,28444077
"Venezuela, RB",VEN,2019,28938098
"Venezuela, RB",VEN,2018,29807592
Viet Nam,VNM,2024,100987686
Viet Nam,VNM,2023,100352192
Viet Nam,VNM,2022,99680655
Viet Nam,VNM,2021,98935098
Viet Nam,VNM,2020,98079191
Viet Nam,VNM,2019,97173776
Viet Nam,VNM,2018,96237319
Virgin Islands (U.S.),VIR,2024,104377
Virgin Islands (U.S.),VIR,2023,104917
Virgin Islands (U.S.),VIR,2022,105413
Virgin Islands (U.S.),VIR,2021,105870
Virgin Islands (U.S.),VIR,2020,106290
Virgin Islands (U.S.),VIR,2019,106669
Virgin Islands (U.S.),VIR,2018,107001
West Bank and Gaza,PSE,2024,5289152
West Bank and Gaza,PSE,2023,5165775
West Bank and Gaza,PSE,2022,5043612
West Bank and Gaza,PSE,2021,4922749
West Bank and Gaza,PSE,2020,4803269
West Bank and Gaza,PSE,2019,4685306
West Bank and Gaza,PSE,2018,4569087
"Yemen, Rep.",YEM,2024,40583164
"Yemen, Rep.",YEM,2023,39390799
"Yemen, Rep.",YEM,2022,38222876
"Yemen, Rep.",YEM,2021,37140230
"Yemen, Rep.",YEM,2020,36134863
"Yemen, Rep.",YEM,2019,35111408
"Yemen, Rep.",YEM,2018,34085182
Zambia,ZMB,2024,21314956
Zambia,ZMB,2023,20723965
Zambia,ZMB,2022,20152938
Zambia,ZMB,2021,19603607
Zambia,ZMB,2020,19059395
Zambia,ZMB,2019,18513839
Zambia,ZMB,2018,17973569
Zimbabwe,ZWE,2024,16634373
Zimbabwe,ZWE,2023,16340822
Zimbabwe,ZWE,2022,16069056
Zimbabwe,ZWE,2021,15797210
Zimbabwe,ZWE,2020,15526888
Zimbabwe,ZWE,2019,15271368
Zimbabwe,ZWE,2018,15034452
