country_name,country_code,year,import_value_usd
Albania,ALB,2018,9740335.905
Albania,ALB,2019,10583282.929
Albania,ALB,2020,10054419.091
Albania,ALB,2021,15906670.689
Albania,ALB,2022,498619.114
Albania,ALB,2023,20202083.198
Albania,ALB,2024,24023449.014
Andorra,AND,2018,17447125.452
Andorra,AND,2019,16354867.743
Andorra,AND,2020,13037920.583
Andorra,AND,2021,16368220.037
Andorra,AND,2022,18041656.11
Andorra,AND,2023,19604600.263
Angola,AGO,2018,62449000.903
Angola,AGO,2019,56184904.938
Angola,AGO,2020,38404034.507
Angola,AGO,2021,34133234.624
Angola,AGO,2022,61216208.293
Angola,AGO,2023,59154135.682
Angola,AGO,2024,50869267.77
Antigua and Barbuda,ATG,2018,4762857.811
Antigua and Barbuda,ATG,2019,4313225.745
Antigua and Barbuda,ATG,2020,3337642.745
Antigua and Barbuda,ATG,2021,4576360.466
Antigua and Barbuda,ATG,2022,5809852.483
Antigua and Barbuda,ATG,2023,4462086.096
Antigua and Barbuda,ATG,2024,5236364.998
Argentina,ARG,2018,10794555.57
Argentina,ARG,2019,4561845.63
Argentina,ARG,2020,4896975.58
Argentina,ARG,2021,6921093.46
Argentina,ARG,2022,7739474.18
Argentina,ARG,2023,7140651.79
Argentina,ARG,2024,10104215.08
Armenia,ARM,2018,1519278.13
Armenia,ARM,2019,1509186.4
Armenia,ARM,2020,1596796.13
Armenia,ARM,2021,2548869.8
Armenia,ARM,2022,4533313.42
Armenia,ARM,2023,8409990.03
Armenia,ARM,2024,7780906.38
Aruba,ABW,2018,11684985.101
Aruba,ABW,2019,12848009.086
Aruba,ABW,2020,6985347.821
Aruba,ABW,2021,11585251.233
Aruba,ABW,2022,14709914.318
Aruba,ABW,2023,13865469.637
Australia,AUS,2018,644503395.896
Australia,AUS,2019,603352749.892
Australia,AUS,2020,619984347.362
Australia,AUS,2021,757784684.901
Australia,AUS,2022,776940851.796
Australia,AUS,2023,678454810.059
Australia,AUS,2024,631388758.138
Austria,AUT,2018,255996855.512
Austria,AUT,2019,266515879.819
Austria,AUT,2020,230624239.68
Austria,AUT,2021,267530328.811
Austria,AUT,2022,276648714.923
Austria,AUT,2023,332896619.807
Austria,AUT,2024,324064980.319
Azerbaijan,AZE,2018,2537931.85
Azerbaijan,AZE,2019,3178095.04
Azerbaijan,AZE,2020,2821208.97
Azerbaijan,AZE,2021,3754629.07
Azerbaijan,AZE,2022,4422275.42
Azerbaijan,AZE,2023,6551306.49
Azerbaijan,AZE,2024,6117272.03
Bahamas,BHS,2018,19272833.89
Bahamas,BHS,2019,20296902.558
Bahamas,BHS,2020,7939787
Bahamas,BHS,2021,18752988
Bahamas,BHS,2022,26864185
Bahamas,BHS,2023,24919930
Bahamas,BHS,2024,22891959
Bahrain,BHR,2018,5349886.252
Bahrain,BHR,2019,6238701.33
Bahrain,BHR,2020,7247065.88
Bahrain,BHR,2021,4826649.001
Bahrain,BHR,2022,8945019.228
Bahrain,BHR,2023,7855407.037
Bahrain,BHR,2024,8383463.302
Bangladesh,BGD,2018,819917.109
Barbados,BRB,2018,10954675
Barbados,BRB,2019,10171617
Barbados,BRB,2020,7752571
Barbados,BRB,2021,8034811.5
Barbados,BRB,2022,14819781.5
Barbados,BRB,2023,12882350
Barbados,BRB,2024,11870346.5
Belarus,BLR,2018,58984000
Belarus,BLR,2019,76145000
Belarus,BLR,2020,80713500
Belarus,BLR,2021,83503200
Belgium,BEL,2018,1110544357.865
Belgium,BEL,2019,1075488929.639
Belgium,BEL,2020,1107611101.322
Belgium,BEL,2021,1262872951.268
Belgium,BEL,2022,1105437767.751
Belgium,BEL,2023,1052695926.871
Belgium,BEL,2024,1035183250.603
Belize,BLZ,2018,2410935.09
Belize,BLZ,2019,2530501.815
Belize,BLZ,2020,1520230.13
Belize,BLZ,2021,1411944.91
Belize,BLZ,2022,3736606.46
Belize,BLZ,2023,2863173.085
Belize,BLZ,2024,2561136.29
Benin,BEN,2018,1537464.767
Benin,BEN,2019,2232212.582
Benin,BEN,2020,2444673.766
Benin,BEN,2021,2762335.549
Benin,BEN,2022,2926707.703
Benin,BEN,2023,2719619.579
Benin,BEN,2024,3065283.415
Bermuda,BMU,2018,15015695.5
Bermuda,BMU,2019,14458197.73
Bermuda,BMU,2020,13031358.85
Bermuda,BMU,2021,15899374.49
Bermuda,BMU,2022,17077814.55
Bermuda,BMU,2023,17267536.03
Bermuda,BMU,2024,15787167.92
Bhutan,BTN,2018,298057.857
Bhutan,BTN,2019,376761.475
Bhutan,BTN,2020,207223.88
Bhutan,BTN,2022,318270.279
Bhutan,BTN,2023,211924.993
Bolivia (Plurinational State of),BOL,2018,2620052.82
Bolivia (Plurinational State of),BOL,2019,1641188.17
Bolivia (Plurinational State of),BOL,2020,1491724.5
Bolivia (Plurinational State of),BOL,2021,1498965.56
Bolivia (Plurinational State of),BOL,2022,2527872
Bolivia (Plurinational State of),BOL,2023,1948924
Bolivia (Plurinational State of),BOL,2024,1732267
Bosnia Herzegovina,BIH,2018,18182837.43
Bosnia Herzegovina,BIH,2019,19202480.31
Bosnia Herzegovina,BIH,2020,15783737.68
Bosnia Herzegovina,BIH,2021,20215082.7
Bosnia Herzegovina,BIH,2022,21202903.16
Bosnia Herzegovina,BIH,2023,23479840.691
Bosnia Herzegovina,BIH,2024,25909348.262
Botswana,BWA,2018,9997924.538
Botswana,BWA,2019,11442187.988
Botswana,BWA,2020,9325528.343
Botswana,BWA,2021,12355228.928
Botswana,BWA,2022,14889029.793
Botswana,BWA,2023,14656746.356
Brazil,BRA,2018,392568035
Brazil,BRA,2019,388142133
Brazil,BRA,2020,438832872
Brazil,BRA,2021,497537333
Brazil,BRA,2022,485598603
Brazil,BRA,2023,490069386
Brazil,BRA,2024,544250604
Brunei Darussalam,BRN,2018,186070.843
Brunei Darussalam,BRN,2019,123289.49
Brunei Darussalam,BRN,2020,209768.73
Brunei Darussalam,BRN,2021,223196.03
Brunei Darussalam,BRN,2022,129041.063
Brunei Darussalam,BRN,2023,114189.806
Brunei Darussalam,BRN,2024,35987.793
Bulgaria,BGR,2018,23360555.948
Bulgaria,BGR,2019,23260685.825
Bulgaria,BGR,2020,23061728.086
Bulgaria,BGR,2021,35697381.58
Bulgaria,BGR,2022,35673515.537
Bulgaria,BGR,2023,43681162.249
Bulgaria,BGR,2024,43322418.422
Burkina Faso,BFA,2018,3699345.431
Burkina Faso,BFA,2019,3391808.942
Burkina Faso,BFA,2020,2932565.643
Burkina Faso,BFA,2021,5456504.073
Burkina Faso,BFA,2022,6163816.643
Burkina Faso,BFA,2023,3290396.359
Burkina Faso,BFA,2024,2840780.868
Burundi,BDI,2018,1001411.521
Burundi,BDI,2019,1017111.251
Burundi,BDI,2020,1302923.12
Burundi,BDI,2021,1445278.032
Burundi,BDI,2022,1910584.388
Burundi,BDI,2023,1581776.012
Cabo Verde,CPV,2018,5614814.18
Cabo Verde,CPV,2019,5764618.072
Cabo Verde,CPV,2020,4010557.635
Cabo Verde,CPV,2021,3606465.74
Cabo Verde,CPV,2022,4445502.974
Cabo Verde,CPV,2023,4943795.239
Cabo Verde,CPV,2024,4389013.548
Cambodia,KHM,2018,2257902.49
Cambodia,KHM,2019,2588101.49
Cambodia,KHM,2020,2305029.12
Cambodia,KHM,2021,1925282.74
Cambodia,KHM,2022,8384896.06
Cambodia,KHM,2023,3537869.71
Cambodia,KHM,2024,5189332.39
Cameroon,CMR,2018,16248568.351
Cameroon,CMR,2019,18926344.21
Cameroon,CMR,2020,15147542.56
Cameroon,CMR,2021,20857802.55
Cameroon,CMR,2022,19711439.845
Cameroon,CMR,2023,19550884.454
Canada,CAN,2018,1996662585.973
Canada,CAN,2019,1948910866.07
Canada,CAN,2020,1973197232.687
Canada,CAN,2021,2246691371.139
Canada,CAN,2022,2269852546.534
Canada,CAN,2023,1994855347.258
Canada,CAN,2024,2012563282.382
Cayman Isds,CYM,2020,12367830.34
Cayman Isds,CYM,2021,19798913.343
Cayman Isds,CYM,2022,19240554.199
Cayman Isds,CYM,2023,18391636.988
Cayman Isds,CYM,2024,15152468.111
Central African Rep.,CAF,2018,438722
Central African Rep.,CAF,2019,798415.252
Central African Rep.,CAF,2020,822047.489
Central African Rep.,CAF,2021,811551.804
Central African Rep.,CAF,2022,325477.443
Central African Rep.,CAF,2023,637374.239
Central African Rep.,CAF,2024,501839.52
Chile,CHL,2018,11364647.99
Chile,CHL,2019,12387221.518
Chile,CHL,2020,13723364.666
Chile,CHL,2021,22913962.474
Chile,CHL,2022,17704246.69
Chile,CHL,2023,10685319.423
Chile,CHL,2024,11157682.078
China,CHN,2018,2856629091
China,CHN,2019,2434144606
China,CHN,2020,1825074464
China,CHN,2021,1689521020
China,CHN,2022,1434947479
China,CHN,2023,1160277727
China,CHN,2024,1591749689
"China, Hong Kong SAR",HKG,2018,1538652672.579
"China, Hong Kong SAR",HKG,2019,1124313945.076
"China, Hong Kong SAR",HKG,2020,968173946.699
"China, Hong Kong SAR",HKG,2021,1363866940.788
"China, Hong Kong SAR",HKG,2022,1019876582.192
"China, Hong Kong SAR",HKG,2023,968997967.902
"China, Hong Kong SAR",HKG,2024,828999930.094
"China, Macao SAR",MAC,2018,118607318.728
"China, Macao SAR",MAC,2019,117550490.32
"China, Macao SAR",MAC,2020,85351182.252
"China, Macao SAR",MAC,2021,225962963.324
"China, Macao SAR",MAC,2022,368243788.11
"China, Macao SAR",MAC,2023,400819841.939
"China, Macao SAR",MAC,2024,230207641.959
Colombia,COL,2018,57184891.7
Colombia,COL,2019,65842256.53
Colombia,COL,2020,69605520.92
Colombia,COL,2021,77839368.72
Colombia,COL,2022,108404568.99
Colombia,COL,2023,74761403.61
Colombia,COL,2024,80714561.02
Comoros,COM,2018,125596.376
Comoros,COM,2019,170555.173
Comoros,COM,2020,121928.609
Comoros,COM,2021,35665.962
Comoros,COM,2022,41188.672
Comoros,COM,2023,54062.177
Congo,COG,2018,4067905.816
Congo,COG,2019,4079907.457
Congo,COG,2020,3009130.92
Congo,COG,2021,4420084.28
Congo,COG,2022,3526428.946
Congo,COG,2023,5864281.217
Costa Rica,CRI,2018,27601521.68
Costa Rica,CRI,2019,28570793.51
Costa Rica,CRI,2020,26361923.06
Costa Rica,CRI,2021,35126008.88
Costa Rica,CRI,2022,39974953.57
Costa Rica,CRI,2023,39586388.85
Costa Rica,CRI,2024,38388242.91
Croatia,HRV,2018,35967086
Croatia,HRV,2019,35806711
Croatia,HRV,2020,31321758
Croatia,HRV,2021,41747046
Croatia,HRV,2022,41997391
Croatia,HRV,2023,49343431
Croatia,HRV,2024,60461040
Cuba,CUB,2018,15388769.53
Cuba,CUB,2019,11761593.48
Cuba,CUB,2020,7861868.53
Cuba,CUB,2021,5020419.97
Cuba,CUB,2022,14943222.07
Curaçao,CUW,2018,7607862.715
Curaçao,CUW,2019,7355847.56
Curaçao,CUW,2020,4435249.667
Cyprus,CYP,2018,30359408.022
Cyprus,CYP,2019,28998545.694
Cyprus,CYP,2020,22712060.325
Cyprus,CYP,2021,34892473.692
Cyprus,CYP,2022,38471745.885
Cyprus,CYP,2023,41340841.648
Cyprus,CYP,2024,42786296.096
Czechia,CZE,2018,263411476
Czechia,CZE,2019,256829436
Czechia,CZE,2020,269794046
Czechia,CZE,2021,294487808
Czechia,CZE,2022,284392639
Czechia,CZE,2023,307995715
Czechia,CZE,2024,316627987
Côte d'Ivoire,CIV,2018,41799326.603
Côte d'Ivoire,CIV,2019,39914398.097
Côte d'Ivoire,CIV,2020,36641961.88
Côte d'Ivoire,CIV,2021,54262092.967
Côte d'Ivoire,CIV,2022,52732692.017
Côte d'Ivoire,CIV,2023,64122695.428
Côte d'Ivoire,CIV,2024,53419442.471
Dem. Rep. of the Congo,COD,2018,2165622.321
Dem. Rep. of the Congo,COD,2019,2053541.056
Dem. Rep. of the Congo,COD,2020,1486647.308
Dem. Rep. of the Congo,COD,2021,2443306.799
Dem. Rep. of the Congo,COD,2022,4814500.306
Dem. Rep. of the Congo,COD,2023,7248185.11
Denmark,DNK,2018,749387687.829
Denmark,DNK,2019,732103614.623
Denmark,DNK,2020,777540550.24
Denmark,DNK,2021,1007325126.664
Denmark,DNK,2022,824863354.55
Denmark,DNK,2023,785397589.686
Denmark,DNK,2024,782564645.419
Djibouti,DJI,2021,1091010.319
Djibouti,DJI,2022,732206.606
Djibouti,DJI,2023,399523.094
Dominica,DMA,2018,1053370.648
Dominica,DMA,2019,954158.826
Dominica,DMA,2020,915398.344
Dominica,DMA,2021,642131.21
Dominica,DMA,2022,760794.795
Dominica,DMA,2023,718992.614
Dominican Rep.,DOM,2018,57879333.89
Dominican Rep.,DOM,2019,61893294.859
Dominican Rep.,DOM,2020,46936309.63
Dominican Rep.,DOM,2021,79027795.264
Dominican Rep.,DOM,2022,96885000.655
Dominican Rep.,DOM,2023,79248155.218
Dominican Rep.,DOM,2024,93436605.783
Ecuador,ECU,2018,21928248.766
Ecuador,ECU,2019,22626139.522
Ecuador,ECU,2020,20174310.35
Ecuador,ECU,2021,31958158.41
Ecuador,ECU,2022,38064452.4
Ecuador,ECU,2023,30267387.9
Ecuador,ECU,2024,30931386.739
Egypt,EGY,2019,625.523
Egypt,EGY,2020,13629.629
Egypt,EGY,2021,29496.82
Egypt,EGY,2022,8083.693
Egypt,EGY,2023,14451.351
Egypt,EGY,2024,28427.958
El Salvador,SLV,2018,5586550.36
El Salvador,SLV,2019,5900185.91
El Salvador,SLV,2020,5232919.73
El Salvador,SLV,2021,7593381.83
El Salvador,SLV,2022,9668005.87
El Salvador,SLV,2023,9007521.54
El Salvador,SLV,2024,8003949.97
Estonia,EST,2018,87430281.431
Estonia,EST,2019,82989549.845
Estonia,EST,2020,75924411.86
Estonia,EST,2021,90642478.74
Estonia,EST,2022,94385632.29
Estonia,EST,2023,94189012.54
Estonia,EST,2024,108570265.98
Eswatini,SWZ,2018,4868761.348
Eswatini,SWZ,2019,4713397.08
Eswatini,SWZ,2020,4877374.98
Eswatini,SWZ,2021,6903058.71
Eswatini,SWZ,2022,8293986.31
Eswatini,SWZ,2023,6885042.46
Ethiopia,ETH,2018,1929056.775
Ethiopia,ETH,2019,2117490.19
Ethiopia,ETH,2020,1593241.45
Ethiopia,ETH,2021,1454211.67
Ethiopia,ETH,2022,1591448.986
Ethiopia,ETH,2023,1895557.326
Fiji,FJI,2018,8064052.283
Fiji,FJI,2019,5976938.949
Fiji,FJI,2020,2427753.031
Fiji,FJI,2021,3746341.163
Fiji,FJI,2022,10302238.117
Fiji,FJI,2023,8429532.497
Fiji,FJI,2024,8903644.08
Finland,FIN,2018,263573573.226
Finland,FIN,2019,241216945.778
Finland,FIN,2020,246751958.794
Finland,FIN,2021,250349785.114
Finland,FIN,2022,255574273.831
Finland,FIN,2023,250861592.453
Finland,FIN,2024,251796850.284
France,FRA,2018,1134344549.593
France,FRA,2019,989876579.944
France,FRA,2020,963767332.58
France,FRA,2021,997998235.744
France,FRA,2022,1085031837.394
France,FRA,2023,1079685101.274
France,FRA,2024,988100415.744
French Polynesia,PYF,2018,12966579.3
French Polynesia,PYF,2019,13142488.145
French Polynesia,PYF,2020,13517564.668
French Polynesia,PYF,2021,15827469.907
French Polynesia,PYF,2022,15188387.411
French Polynesia,PYF,2023,15337165.214
French Polynesia,PYF,2024,15602318.294
Gabon,GAB,2018,9650428.705
Gabon,GAB,2019,8174453.884
Gabon,GAB,2020,7038526.524
Gabon,GAB,2021,8779231.058
Gabon,GAB,2022,9283762.69
Gabon,GAB,2023,9156403.758
Gambia,GMB,2018,33536.079
Gambia,GMB,2019,20991.568
Gambia,GMB,2020,26403.413
Gambia,GMB,2021,30676.26
Gambia,GMB,2022,17590.884
Gambia,GMB,2023,56143.39
Gambia,GMB,2024,58658.194
Georgia,GEO,2018,3403544.58
Georgia,GEO,2019,3461453.74
Georgia,GEO,2020,2857476.17
Georgia,GEO,2021,3913556.34
Georgia,GEO,2022,5014740.877
Georgia,GEO,2023,5947922.453
Georgia,GEO,2024,7432579.169
Germany,DEU,2018,3161442061.241
Germany,DEU,2019,2974649228.703
Germany,DEU,2020,3026462041.502
Germany,DEU,2021,3406239144.204
Germany,DEU,2022,2985788939.389
Germany,DEU,2023,2980388434.971
Germany,DEU,2024,2666902895.905
Ghana,GHA,2018,6781643.232
Ghana,GHA,2019,6063205.744
Ghana,GHA,2021,26045980.629
Ghana,GHA,2022,22739434.986
Ghana,GHA,2023,21611304.55
Greece,GRC,2018,49870385.033
Greece,GRC,2019,54158461.955
Greece,GRC,2020,33232719.172
Greece,GRC,2021,63626241.179
Greece,GRC,2022,73223570.105
Greece,GRC,2023,82892636.641
Greece,GRC,2024,77818538.721
Greenland,GRL,2018,3136091.11
Grenada,GRD,2018,2280815.867
Grenada,GRD,2019,1761561.993
Grenada,GRD,2020,1426924.929
Grenada,GRD,2021,1283606.295
Grenada,GRD,2022,2502856.294
Grenada,GRD,2023,2528835.387
Grenada,GRD,2024,2323821.75
Guatemala,GTM,2018,12385003
Guatemala,GTM,2019,15315851
Guatemala,GTM,2020,12958316
Guatemala,GTM,2021,21036717
Guatemala,GTM,2022,24328223
Guatemala,GTM,2023,18422247
Guatemala,GTM,2024,22686943
Guinea-Bissau,GNB,2018,3552406.554
Guyana,GUY,2018,512312.385
Guyana,GUY,2019,634911.406
Guyana,GUY,2020,1012441.702
Guyana,GUY,2021,1473136.923
Guyana,GUY,2022,1877950.314
Guyana,GUY,2023,1827391.109
Guyana,GUY,2024,945042.92
Honduras,HND,2018,5096977.83
Honduras,HND,2019,4795898.33
Honduras,HND,2020,4002091.4
Honduras,HND,2021,7279359.17
Honduras,HND,2023,6659015.83
Honduras,HND,2024,6995891.35
Hungary,HUN,2018,20043822
Hungary,HUN,2019,24587106
Hungary,HUN,2020,23460996
Hungary,HUN,2021,26970640
Hungary,HUN,2022,26761434
Hungary,HUN,2023,25838717
Hungary,HUN,2024,35009230
Iceland,ISL,2018,25430421.351
Iceland,ISL,2019,26169434.393
Iceland,ISL,2020,30975175.416
Iceland,ISL,2021,37946416.509
Iceland,ISL,2022,34747036.795
Iceland,ISL,2023,37493808.631
Iceland,ISL,2024,32143949.387
India,IND,2018,27348271.073
India,IND,2019,21740467.853
India,IND,2020,13173116.031
India,IND,2021,23512494.991
India,IND,2022,33400168.646
India,IND,2023,435869531.94
India,IND,2024,25653791.688
Indonesia,IDN,2018,18646024
Indonesia,IDN,2019,14006611
Indonesia,IDN,2020,4254414
Indonesia,IDN,2021,8478951
Indonesia,IDN,2022,11059079
Indonesia,IDN,2023,16595783
Indonesia,IDN,2024,13056840
Ireland,IRL,2018,326881423.153
Ireland,IRL,2019,322820185.792
Ireland,IRL,2020,395615351.474
Ireland,IRL,2021,350043146.803
Ireland,IRL,2022,336004178.997
Ireland,IRL,2023,374081916.639
Ireland,IRL,2024,357943040.612
Israel,ISR,2018,40776000
Israel,ISR,2019,43472000
Israel,ISR,2020,52074000
Israel,ISR,2021,77790000
Israel,ISR,2022,78862000
Israel,ISR,2023,77565000
Israel,ISR,2024,77633000
Italy,ITA,2018,414014440.095
Italy,ITA,2019,373330985.259
Italy,ITA,2020,329104282.399
Italy,ITA,2021,509110986.312
Italy,ITA,2022,494791802.342
Italy,ITA,2023,620401075.831
Italy,ITA,2024,566883358.558
Jamaica,JAM,2018,10431593.84
Jamaica,JAM,2019,10613884.083
Jamaica,JAM,2020,6002412.49
Jamaica,JAM,2021,9902055.19
Jamaica,JAM,2022,15568341.21
Jamaica,JAM,2023,13575511.48
Japan,JPN,2018,1689399387.454
Japan,JPN,2019,1810463541.221
Japan,JPN,2020,1565352201.404
Japan,JPN,2021,1706817979.281
Japan,JPN,2022,1868444893.967
Japan,JPN,2023,1783493168.134
Japan,JPN,2024,1644449477.057
Jordan,JOR,2018,2032101.835
Jordan,JOR,2019,2267407.518
Jordan,JOR,2020,2526373.77
Jordan,JOR,2021,2953121.766
Jordan,JOR,2022,5470215.843
Jordan,JOR,2023,3338125.413
Kazakhstan,KAZ,2018,41699851.85
Kazakhstan,KAZ,2019,36229132.4
Kazakhstan,KAZ,2020,35896770.16
Kazakhstan,KAZ,2021,46986391.78
Kazakhstan,KAZ,2022,48883121.58
Kazakhstan,KAZ,2023,58358282.17
Kazakhstan,KAZ,2024,52623614.75
Kenya,KEN,2018,23426291.064
Kenya,KEN,2019,21173343.11
Kenya,KEN,2020,17584971.948
Kenya,KEN,2021,21512732.411
Kenya,KEN,2022,22525935
Kenya,KEN,2023,24000497.787
Kenya,KEN,2024,22686924.705
Kiribati,KIR,2018,46964.845
Kiribati,KIR,2020,36344.394
Kiribati,KIR,2021,55165.528
Kuwait,KWT,2018,941
Kuwait,KWT,2024,46634
Kyrgyzstan,KGZ,2018,2969307
Kyrgyzstan,KGZ,2019,2836913
Kyrgyzstan,KGZ,2020,2318303
Kyrgyzstan,KGZ,2021,3224040
Kyrgyzstan,KGZ,2022,3140767
Kyrgyzstan,KGZ,2023,3679812
Kyrgyzstan,KGZ,2024,3936051
Lao People's Dem. Rep.,LAO,2018,3353839
Lao People's Dem. Rep.,LAO,2019,3391860.22
Lao People's Dem. Rep.,LAO,2020,1278723.43
Lao People's Dem. Rep.,LAO,2021,1879143.84
Lao People's Dem. Rep.,LAO,2022,1767119.34
Lao People's Dem. Rep.,LAO,2023,1938711.13
Latvia,LVA,2018,110267248.011
Latvia,LVA,2019,126551950.895
Latvia,LVA,2020,145952917.578
Latvia,LVA,2021,143820947.3
Latvia,LVA,2022,162279383.069
Latvia,LVA,2023,188035055.604
Latvia,LVA,2024,172057511.177
Lebanon,LBN,2018,14243294
Lebanon,LBN,2019,10877523.23
Lebanon,LBN,2020,2811408
Lebanon,LBN,2021,4648974
Lebanon,LBN,2022,7860256
Lebanon,LBN,2023,8155476
Lebanon,LBN,2024,8027252
Lesotho,LSO,2018,3697404.801
Lesotho,LSO,2019,3230486.865
Lesotho,LSO,2020,3123271.268
Lesotho,LSO,2021,4018735.374
Lesotho,LSO,2022,4722081.891
Lesotho,LSO,2023,4204030.983
Lesotho,LSO,2024,5242744.13
Liberia,LBR,2018,589703.54
Liberia,LBR,2019,590555.72
Liberia,LBR,2020,687970.37
Liberia,LBR,2021,1540820.23
Liberia,LBR,2022,2080483.59
Liberia,LBR,2023,1866545.82
Lithuania,LTU,2018,245736464
Lithuania,LTU,2019,241039556
Lithuania,LTU,2020,270949796
Lithuania,LTU,2021,299623489
Lithuania,LTU,2022,285244178
Lithuania,LTU,2023,313836959
Lithuania,LTU,2024,113282605
Luxembourg,LUX,2018,134921765.244
Luxembourg,LUX,2019,132006649.846
Luxembourg,LUX,2020,125012499.574
Luxembourg,LUX,2021,149442541.326
Luxembourg,LUX,2022,134823716.588
Luxembourg,LUX,2023,143797491.571
Luxembourg,LUX,2024,242968474.195
Madagascar,MDG,2018,2101886.164
Madagascar,MDG,2019,2245409.146
Madagascar,MDG,2020,1102341.211
Madagascar,MDG,2021,1356867.841
Madagascar,MDG,2022,8475267.351
Madagascar,MDG,2023,8715789.467
Madagascar,MDG,2024,1930276.422
Malawi,MWI,2018,363848.082
Malawi,MWI,2019,261800.443
Malawi,MWI,2020,334843.052
Malawi,MWI,2021,182178.917
Malawi,MWI,2022,168401.98
Malawi,MWI,2023,150916.12
Malawi,MWI,2024,510563.183
Malaysia,MYS,2018,101713101.495
Malaysia,MYS,2019,92842452.328
Malaysia,MYS,2020,66474237.086
Malaysia,MYS,2021,82874440.539
Malaysia,MYS,2022,131510606.513
Malaysia,MYS,2023,101562918.412
Malaysia,MYS,2024,101087762.803
Maldives,MDV,2018,10787286.111
Maldives,MDV,2019,13071186.42
Maldives,MDV,2020,5859711.207
Maldives,MDV,2021,14452814.286
Maldives,MDV,2022,15051146.512
Maldives,MDV,2023,13649847.188
Maldives,MDV,2024,15517608.121
Mali,MLI,2018,336533.84
Mali,MLI,2019,823350.63
Mali,MLI,2020,961736.405
Mali,MLI,2021,1026229.766
Mali,MLI,2022,957508.23
Mali,MLI,2023,963621.127
Malta,MLT,2018,22980742.566
Malta,MLT,2019,24842020.134
Malta,MLT,2020,20382174.658
Malta,MLT,2021,24197578.738
Malta,MLT,2022,26531602.355
Malta,MLT,2023,29037796.414
Malta,MLT,2024,29073757.676
Mauritania,MRT,2018,774311.44
Mauritania,MRT,2019,181214.08
Mauritania,MRT,2021,11689.81
Mauritania,MRT,2022,18649.746
Mauritania,MRT,2023,2251.335
Mauritania,MRT,2024,53333.725
Mauritius,MUS,2018,19982377.615
Mauritius,MUS,2019,16109008.052
Mauritius,MUS,2020,9577447.027
Mauritius,MUS,2021,11355243.016
Mauritius,MUS,2022,23727601.791
Mauritius,MUS,2023,20237692.876
Mauritius,MUS,2024,22011673.171
Mexico,MEX,2018,271125775
Mexico,MEX,2019,271185117
Mexico,MEX,2020,221774200
Mexico,MEX,2021,271633447
Mexico,MEX,2022,398991959
Mexico,MEX,2023,352647524
Mexico,MEX,2024,348551435
Mongolia,MNG,2018,7647628.86
Mongolia,MNG,2019,6339817.83
Mongolia,MNG,2020,5672935.17
Mongolia,MNG,2021,12700384.54
Mongolia,MNG,2022,15979803.835
Mongolia,MNG,2023,12358849.724
Montenegro,MNE,2018,8143639.092
Montenegro,MNE,2019,7869950.746
Montenegro,MNE,2020,6725116.5
Montenegro,MNE,2021,9074706.694
Montenegro,MNE,2022,11493097.023
Montenegro,MNE,2023,14008878.502
Montenegro,MNE,2024,14791985.737
Montserrat,MSR,2018,19432.739
Montserrat,MSR,2019,33144.314
Montserrat,MSR,2020,38718.103
Montserrat,MSR,2021,45421.537
Montserrat,MSR,2022,65446.355
Montserrat,MSR,2023,55970.133
Montserrat,MSR,2024,71193.263
Morocco,MAR,2018,29145617.588
Morocco,MAR,2019,27109247.647
Morocco,MAR,2020,27730000.584
Morocco,MAR,2021,25770193.328
Morocco,MAR,2022,35881220.373
Morocco,MAR,2023,46833418.702
Morocco,MAR,2024,39953351.895
Mozambique,MOZ,2018,11708951.695
Mozambique,MOZ,2019,5606059.815
Mozambique,MOZ,2020,7163797.073
Mozambique,MOZ,2021,10011885.599
Mozambique,MOZ,2022,9113046.859
Mozambique,MOZ,2023,8557000
Mozambique,MOZ,2024,8426821.5
Myanmar,MMR,2018,5266909.01
Myanmar,MMR,2019,5061645.26
Myanmar,MMR,2020,3146017.35
Myanmar,MMR,2021,3848996.999
Myanmar,MMR,2022,3353402.92
Myanmar,MMR,2023,4221110.879
Myanmar,MMR,2024,1371777.61
Namibia,NAM,2018,46456415.008
Namibia,NAM,2019,37553038.059
Namibia,NAM,2020,31622049.978
Namibia,NAM,2021,38663390.47
Namibia,NAM,2022,42597785.183
Namibia,NAM,2023,47205665.057
Namibia,NAM,2024,52250330.317
Nepal,NPL,2018,3397848.63
Nepal,NPL,2019,2732455.13
Nepal,NPL,2020,1101211.97
Nepal,NPL,2021,2538212.66
Nepal,NPL,2022,2310430.592
Netherlands,NLD,2018,1380049744.657
Netherlands,NLD,2019,1335770809.927
Netherlands,NLD,2020,1488933858.327
Netherlands,NLD,2021,1701803133.484
Netherlands,NLD,2022,1569394245.391
Netherlands,NLD,2023,1602247659.301
Netherlands,NLD,2024,1533638273.644
New Zealand,NZL,2018,143397945.276
New Zealand,NZL,2019,137753032.414
New Zealand,NZL,2020,144681182.696
New Zealand,NZL,2021,183745641.498
New Zealand,NZL,2022,165723895.786
New Zealand,NZL,2023,154014773.594
New Zealand,NZL,2024,145885130.511
Nicaragua,NIC,2018,2758990.51
Nicaragua,NIC,2019,2260362.73
Nicaragua,NIC,2020,2623577.77
Nicaragua,NIC,2021,3557716.88
Nicaragua,NIC,2022,3133695.54
Nicaragua,NIC,2023,4410457.33
Nicaragua,NIC,2024,2658320
Niger,NER,2018,308321.222
Niger,NER,2019,376443.788
Niger,NER,2020,297001.944
Niger,NER,2021,221295.471
Niger,NER,2022,370511.832
Niger,NER,2023,137723.197
Niger,NER,2024,70450.217
Nigeria,NGA,2018,5768465.007
Nigeria,NGA,2019,15638515.81
Nigeria,NGA,2020,13851855.995
Nigeria,NGA,2021,12885701.903
Nigeria,NGA,2022,14469829.641
Nigeria,NGA,2023,7382156.853
Nigeria,NGA,2024,6207213.267
North Macedonia,MKD,2018,682231.43
North Macedonia,MKD,2019,1098901.54
North Macedonia,MKD,2020,921525.63
North Macedonia,MKD,2021,1535108.55
North Macedonia,MKD,2022,1480935.76
North Macedonia,MKD,2023,1967799.966
North Macedonia,MKD,2024,3873645.06
Norway,NOR,2018,440635666.124
Norway,NOR,2019,431530776.166
Norway,NOR,2020,505927132.762
Norway,NOR,2021,567194803.657
Norway,NOR,2022,494346405.379
Norway,NOR,2023,523735682.026
Norway,NOR,2024,498590011.172
Oman,OMN,2018,3923008.75
Oman,OMN,2019,4192522.379
Oman,OMN,2020,3329601.781
Oman,OMN,2021,2446533.156
Oman,OMN,2022,3487191.152
Oman,OMN,2023,4956423.919
"Other Asia, nes",S19,2018,214744035.59
"Other Asia, nes",S19,2019,209532289.79
"Other Asia, nes",S19,2020,215974493.595
"Other Asia, nes",S19,2021,264112596.811
"Other Asia, nes",S19,2022,278105265.07
"Other Asia, nes",S19,2023,274658197.43
"Other Asia, nes",S19,2024,238974796.233
Pakistan,PAK,2018,112622.182
Pakistan,PAK,2019,91086.443
Pakistan,PAK,2020,98088.879
Pakistan,PAK,2021,137218.022
Pakistan,PAK,2022,63123.871
Pakistan,PAK,2023,76058.065
Pakistan,PAK,2024,42286.531
Palau,PLW,2018,410794.67
Panama,PAN,2018,38320398
Panama,PAN,2019,39049956
Panama,PAN,2020,29803715
Panama,PAN,2021,29043734
Panama,PAN,2022,30260192
Panama,PAN,2023,25258673
Panama,PAN,2024,27072223
Papua New Guinea,PNG,2019,3542221.999
Papua New Guinea,PNG,2020,2744364.63
Papua New Guinea,PNG,2021,3285999.213
Papua New Guinea,PNG,2022,3341548.237
Papua New Guinea,PNG,2023,3576950.905
Paraguay,PRY,2018,51670490
Paraguay,PRY,2019,42313866
Paraguay,PRY,2020,31681535
Paraguay,PRY,2021,45125546
Paraguay,PRY,2022,45981915.58
Paraguay,PRY,2023,37521053.513
Paraguay,PRY,2024,38925906.84
Peru,PER,2018,37954921.79
Peru,PER,2019,37465410.87
Peru,PER,2020,33873650.6
Peru,PER,2021,42276382.08
Peru,PER,2022,53594844.57
Peru,PER,2023,45661610.21
Peru,PER,2024,49949241.988
Philippines,PHL,2018,36601771.35
Philippines,PHL,2019,44030284
Philippines,PHL,2020,24064580
Philippines,PHL,2021,30681282
Philippines,PHL,2022,56143789
Philippines,PHL,2023,53893416
Philippines,PHL,2024,39295919
Poland,POL,2018,354095925
Poland,POL,2019,333090751
Poland,POL,2020,367661184
Poland,POL,2021,423478281
Poland,POL,2022,403345131
Poland,POL,2023,425979771
Poland,POL,2024,426252781
Portugal,PRT,2018,195535427
Portugal,PRT,2019,189447101.956
Portugal,PRT,2020,189895468.17
Portugal,PRT,2021,204455632.555
Portugal,PRT,2022,217434505.66
Portugal,PRT,2023,213638772.075
Portugal,PRT,2024,166568505.107
Qatar,QAT,2018,6218307.555
Qatar,QAT,2019,6156578.825
Qatar,QAT,2020,6865182.689
Qatar,QAT,2021,5462843.236
Qatar,QAT,2022,13300119.165
Qatar,QAT,2023,4059680.286
Qatar,QAT,2024,8435654.143
Rep. of Korea,KOR,2018,244001146
Rep. of Korea,KOR,2019,259254957
Rep. of Korea,KOR,2020,330017230
Rep. of Korea,KOR,2021,559808540
Rep. of Korea,KOR,2022,581282439
Rep. of Korea,KOR,2023,506019190
Rep. of Korea,KOR,2024,462111925
Rep. of Moldova,MDA,2018,2887059
Rep. of Moldova,MDA,2019,2623566
Rep. of Moldova,MDA,2020,2992169
Rep. of Moldova,MDA,2021,6045537
Rep. of Moldova,MDA,2022,5867123
Rep. of Moldova,MDA,2023,6110390
Rep. of Moldova,MDA,2024,12392251
Romania,ROU,2018,73969717.94
Romania,ROU,2019,70320831.56
Romania,ROU,2020,81005770.52
Romania,ROU,2021,109613621.16
Romania,ROU,2022,123060757.34
Romania,ROU,2023,142141263.06
Romania,ROU,2024,143156829.07
Russian Federation,RUS,2018,1051033087.79
Russian Federation,RUS,2019,1161242760.75
Russian Federation,RUS,2020,1092548845.93
Russian Federation,RUS,2021,1251094437.729
Rwanda,RWA,2018,3307509.137
Rwanda,RWA,2019,4411307.55
Rwanda,RWA,2020,4676505.31
Rwanda,RWA,2021,4590519.14
Rwanda,RWA,2022,10012916.52
Saint Lucia,LCA,2018,5912554.34
Saint Lucia,LCA,2019,5013161.14
Saint Lucia,LCA,2020,2971303.27
Saint Vincent and the Grenadines,VCT,2018,1871670.743
Saint Vincent and the Grenadines,VCT,2019,2312960.01
Saint Vincent and the Grenadines,VCT,2020,1823542.22
Saint Vincent and the Grenadines,VCT,2021,2082340.509
Saint Vincent and the Grenadines,VCT,2022,2777857.689
Saint Vincent and the Grenadines,VCT,2023,2113096.457
Samoa,WSM,2018,65209.882
Samoa,WSM,2019,46950.07
Samoa,WSM,2021,112521.364
Samoa,WSM,2022,155176.006
Samoa,WSM,2023,79019.72
Samoa,WSM,2024,95788.268
Sao Tome and Principe,STP,2018,4429539.286
Sao Tome and Principe,STP,2019,4194043.064
Sao Tome and Principe,STP,2020,4342864.645
Sao Tome and Principe,STP,2021,5379354.989
Sao Tome and Principe,STP,2022,4826647.748
Sao Tome and Principe,STP,2023,3902907.115
Senegal,SEN,2018,6166617.529
Senegal,SEN,2019,5998365.972
Senegal,SEN,2020,4459990.614
Senegal,SEN,2021,6186949.899
Senegal,SEN,2022,5706399.592
Senegal,SEN,2023,6004630.927
Senegal,SEN,2024,4752691.667
Serbia,SRB,2018,31573501
Serbia,SRB,2019,31212915
Serbia,SRB,2020,31193694
Serbia,SRB,2021,40181808
Serbia,SRB,2022,38645631
Serbia,SRB,2023,46071909
Serbia,SRB,2024,51982249
Seychelles,SYC,2018,11921936.144
Seychelles,SYC,2019,7088459.679
Seychelles,SYC,2020,447551.888
Seychelles,SYC,2021,1369395.239
Seychelles,SYC,2022,1629053.652
Seychelles,SYC,2023,8683545.232
Seychelles,SYC,2024,19094052.084
Sierra Leone,SLE,2018,568723.62
Singapore,SGP,2018,658527352.5
Singapore,SGP,2019,621084711.016
Singapore,SGP,2020,540288136.372
Singapore,SGP,2021,852560309.708
Singapore,SGP,2022,851363495.094
Singapore,SGP,2023,980517096.023
Singapore,SGP,2024,703641632.197
Slovakia,SVK,2018,84132326.439
Slovakia,SVK,2019,70501983.097
Slovakia,SVK,2020,82211428.017
Slovakia,SVK,2021,85521994.381
Slovakia,SVK,2022,73004581.271
Slovakia,SVK,2023,93849614.895
Slovakia,SVK,2024,113747510.828
Slovenia,SVN,2018,16450555.63
Slovenia,SVN,2019,14118204.68
Slovenia,SVN,2020,14090837.39
Slovenia,SVN,2021,16268698.1
Slovenia,SVN,2022,19174792.015
Slovenia,SVN,2023,22127477.197
Slovenia,SVN,2024,35986259.383
Solomon Isds,SLB,2018,981698.822
South Africa,ZAF,2018,50275271.293
South Africa,ZAF,2019,52016009.365
South Africa,ZAF,2020,25313710.101
South Africa,ZAF,2021,43542086.976
South Africa,ZAF,2022,50974726.276
South Africa,ZAF,2023,54358199.189
South Africa,ZAF,2024,56119276.839
Spain,ESP,2018,257446935.75
Spain,ESP,2019,238359091.68
Spain,ESP,2020,193703032.038
Spain,ESP,2021,284373242.457
Spain,ESP,2022,297436708.349
Spain,ESP,2023,320687214.966
Spain,ESP,2024,311832830.17
Sri Lanka,LKA,2019,6725749.512
Sri Lanka,LKA,2020,5487918.517
Sri Lanka,LKA,2021,5053539.503
Sri Lanka,LKA,2022,7729925.25
Sri Lanka,LKA,2023,11436394.902
Sri Lanka,LKA,2024,8921768.328
State of Palestine,PSE,2018,51097.693
State of Palestine,PSE,2019,124185.04
State of Palestine,PSE,2020,159514.66
State of Palestine,PSE,2021,232931.89
State of Palestine,PSE,2022,225143.708
State of Palestine,PSE,2023,219664.268
Suriname,SUR,2018,920923.158
Suriname,SUR,2019,1157824.174
Suriname,SUR,2020,761408.534
Suriname,SUR,2021,812885.06
Suriname,SUR,2022,895235.82
Suriname,SUR,2023,1223097.523
Suriname,SUR,2024,823602.759
Sweden,SWE,2018,784068184.433
Sweden,SWE,2019,773742140.324
Sweden,SWE,2020,853186760.862
Sweden,SWE,2021,888131821.896
Sweden,SWE,2022,829029109.984
Sweden,SWE,2023,811115815.069
Sweden,SWE,2024,820396897.514
Switzerland,CHE,2018,1214730348.802
Switzerland,CHE,2019,1210977855.215
Switzerland,CHE,2020,1240226517.432
Switzerland,CHE,2021,1476779857.9
Switzerland,CHE,2022,1355227132.858
Switzerland,CHE,2023,1374295089.889
Switzerland,CHE,2024,1277753418.484
Tajikistan,TJK,2018,734417
Tajikistan,TJK,2019,1116808
Tajikistan,TJK,2020,615676
Tajikistan,TJK,2021,689311
Tajikistan,TJK,2022,690349
Tajikistan,TJK,2023,967857
Thailand,THA,2018,71849077.92
Thailand,THA,2019,64637354.056
Thailand,THA,2020,49089794.466
Thailand,THA,2021,52485686.01
Thailand,THA,2022,115040648.947
Thailand,THA,2023,112371557.266
Thailand,THA,2024,124582914.17
Timor-Leste,TLS,2018,148958.63
Timor-Leste,TLS,2019,283121.87
Timor-Leste,TLS,2020,467491.66
Timor-Leste,TLS,2021,439315.42
Timor-Leste,TLS,2022,1413854.83
Timor-Leste,TLS,2023,1125440.87
Togo,TGO,2018,10104340.376
Togo,TGO,2019,8511444.085
Togo,TGO,2020,9657090.697
Togo,TGO,2021,12392882.41
Togo,TGO,2022,12260595.537
Togo,TGO,2023,11080270.471
Togo,TGO,2024,11372354.754
Tonga,TON,2018,87642.259
Tonga,TON,2019,472851.829
Tonga,TON,2020,397428.071
Tonga,TON,2021,813445.045
Tonga,TON,2022,704163.649
Tonga,TON,2023,841296.466
Trinidad and Tobago,TTO,2018,6645182.125
Trinidad and Tobago,TTO,2019,6936818.198
Trinidad and Tobago,TTO,2020,5938350.96
Trinidad and Tobago,TTO,2021,6575480.508
Trinidad and Tobago,TTO,2022,7788447.318
Trinidad and Tobago,TTO,2023,6854581.717
Trinidad and Tobago,TTO,2024,7145643.898
Tunisia,TUN,2018,1376587.792
Tunisia,TUN,2019,1810405.734
Tunisia,TUN,2020,1100545.26
Tunisia,TUN,2021,1044402.185
Tunisia,TUN,2022,1767327.137
Tunisia,TUN,2023,1159658.372
Tunisia,TUN,2024,1416601.351
Türkiye,TUR,2018,19399961
Türkiye,TUR,2019,20819270
Türkiye,TUR,2020,12197189
Türkiye,TUR,2021,24772034
Türkiye,TUR,2022,43103511
Türkiye,TUR,2023,72925260
Türkiye,TUR,2024,52659231
USA,USA,2018,6449227701
USA,USA,2019,6487294723
USA,USA,2020,5883810717
USA,USA,2021,7375680580
USA,USA,2022,7684771423
USA,USA,2023,6991393598
USA,USA,2024,7106048909
Uganda,UGA,2018,4696300
Uganda,UGA,2019,4265842.39
Uganda,UGA,2020,4285449
Uganda,UGA,2021,5998509.67
Uganda,UGA,2022,5222596.1
Uganda,UGA,2023,5795351.02
Uganda,UGA,2024,6147135.32
Ukraine,UKR,2018,125255768.42
Ukraine,UKR,2019,146385274.51
Ukraine,UKR,2020,179044284.63
Ukraine,UKR,2021,210675699.22
Ukraine,UKR,2022,117624946.2
Ukraine,UKR,2023,179859418.22
Ukraine,UKR,2024,203805902.09
United Arab Emirates,ARE,2018,311204983.799
United Arab Emirates,ARE,2019,296162210.519
United Arab Emirates,ARE,2020,143634489.483
United Arab Emirates,ARE,2021,201684909.527
United Arab Emirates,ARE,2022,361902735.936
United Arab Emirates,ARE,2023,388912233.758
United Kingdom,GBR,2018,4372943650.457
United Kingdom,GBR,2019,4423746981.733
United Kingdom,GBR,2020,4443666729.406
United Kingdom,GBR,2021,4828386889.707
United Kingdom,GBR,2022,5029253132.186
United Kingdom,GBR,2023,5051536345.835
United Kingdom,GBR,2024,4961819389.326
United Rep. of Tanzania,TZA,2018,4988753.257
United Rep. of Tanzania,TZA,2019,6330663.17
United Rep. of Tanzania,TZA,2020,7058904.73
United Rep. of Tanzania,TZA,2021,10863031
United Rep. of Tanzania,TZA,2022,11821050.02
United Rep. of Tanzania,TZA,2023,9412360.11
United Rep. of Tanzania,TZA,2024,13280388.616
Uruguay,URY,2018,12681121.75
Uruguay,URY,2019,11843456.09
Uruguay,URY,2020,11537161.06
Uruguay,URY,2021,15822768.74
Uruguay,URY,2022,15913965.64
Uruguay,URY,2023,13714026.68
Uruguay,URY,2024,16471339
Uzbekistan,UZB,2018,430149
Uzbekistan,UZB,2019,446978
Uzbekistan,UZB,2020,473335
Uzbekistan,UZB,2021,1095496.93
Uzbekistan,UZB,2022,1720996.99
Uzbekistan,UZB,2023,3037703.91
Uzbekistan,UZB,2024,3516793.86
Viet Nam,VNM,2018,27706815.39
Viet Nam,VNM,2019,29510209.06
Viet Nam,VNM,2020,16536051.775
Viet Nam,VNM,2021,22859971.328
Viet Nam,VNM,2022,35095645.665
Viet Nam,VNM,2023,25965103.792
Zambia,ZMB,2018,4726389.245
Zambia,ZMB,2019,3919527.669
Zambia,ZMB,2020,3285470.449
Zambia,ZMB,2021,3359550.319
Zambia,ZMB,2022,5114767.718
Zambia,ZMB,2023,5131476.999
Zambia,ZMB,2024,6232313.912
Zimbabwe,ZWE,2018,5513949.57
Zimbabwe,ZWE,2019,417354.79
Zimbabwe,ZWE,2020,3536116.981
Zimbabwe,ZWE,2021,3655164.86
Zimbabwe,ZWE,2022,5923145.47
Zimbabwe,ZWE,2023,5565176.34
Zimbabwe,ZWE,2024,8501829.844
